Week	Day	Team1	Team2	B1	B2	P1-1	P1-2	P1-3	P2-1	P2-2	P2-3	Result	Patch	Notes	Link	Region
1	1	UOL	FNC	Rumble,Hecarim,Azir	Cassiopeia,Morgana,Thresh	Kalista	Maokai,Annie	Nunu,Kog'Maw	Gragas,Ashe	Gnar,Alistar	LeBlanc	2	5.9		fUTCX01vmdo	EU
1	1	GIA	OG	Lulu,Maokai,Rek'Sai	Urgot,Jax,Gragas	LeBlanc	Gnar,Thresh	Sejuani,Ashe	Morgana,Kalista	Rumble,Alistar	Evelynn	2	5.9		XoNxW8P2ycA	EU
1	1	GMB	EL	Kalista,Rek'Sai,LeBlanc	Cassiopeia,Gragas,Viktor	Azir	Lucian,Thresh	Gnar,Evelynn	Maokai,Alistar	Sejuani,Urgot	Vladimir	2	5.9		7h_Y8kd1l-s	EU
1	1	H2K	ROC	Urgot,Azir,Alistar	Thresh,LeBlanc,Maokai	Kalista	Rek'Sai,Morgana	Gnar,Fizz	Hecarim,Cassiopeia	Gragas,Lucian	Lulu	1	5.9		QCMslrPqSdw	EU
1	1	CW	SK	LeBlanc,Rek'Sai,Urgot	Cassiopeia,Gragas,Kalista	Evelynn	Maokai,Azir	Draven,Morgana	Gnar,Alistar	Lee Sin,Kassadin	Lucian	1	5.9		9niZ1T3N5yM	EU
1	2	OG	H2K	Ashe,Rek'Sai,Thresh	Alistar,Kalista,Urgot	Gragas	LeBlanc,Annie	Rumble,Vayne	Maokai,Sivir	Evelynn,Janna	Kassadin	1	5.9		n3YTsvy5Io4	EU
1	2	GIA	CW	Cassiopeia,Draven,Maokai	LeBlanc,Jax,Rek'Sai	Kalista	Jarvan IV,Morgana	Gnar,Xerath	Gragas,Azir	Urgot,Nautilus	Rumble	1	5.9		qxWk8qCsG90	EU
1	2	ROC	GMB	Gragas,Lucian,Rek'Sai	Kalista,Urgot,Sejuani	Azir	Maokai,Alistar	Lee Sin,Kog'Maw	Viktor,Thresh	Jax,Volibear	Ezreal	1	5.9		ygcVm-fT9Xg	EU
1	2	FNC	SK	Urgot,Kassadin,LeBlanc	Hecarim,Rumble,Gragas	Rek'Sai	Gnar,Alistar	Cassiopeia,Ashe	Azir,Kalista	Maokai,Nidalee	Bard	1	5.9		4-q2s0LtP6A	EU
1	2	EL	UOL	Cassiopeia,Morgana,Thresh	LeBlanc,Alistar,Kalista	Sivir	Rek'Sai,Nautilus	Rumble,Viktor	Gragas,Annie	Urgot,Maokai	Kog'Maw	2	5.9		Gza-be8Qw7Y	EU
2	1	EL	GIA	Rek'Sai,Jax,Ryze	Vladimir,LeBlanc,Gragas	Alistar	Hecarim,Kog'Maw	Sejuani,Viktor	Evelynn,Morgana	Maokai,Sivir	Diana	2	5.10	Ekko Disabled for Week 2	WK8opGt0FAQ	EU
2	1	FNC	ROC	Lulu,Alistar,Kalista	Hecarim,Rek'Sai,Rumble	Ryze	Azir,Nautilus	Evelynn,Ezreal	Gragas,Urgot	Maokai,Morgana	Irelia	1	5.10	Ekko Disabled for Week 2	FJxLXVHdo1s	EU
2	1	H2K	GMB	Viktor,Azir,Lucian	Maokai,Sivir,Ryze	Thresh	Rek'Sai,Kalista	Rumble,LeBlanc	Gragas,Lulu	Fizz,Ashe	Volibear	1	5.10	Ekko Disabled for Week 2	zhqBxyFdax0	EU
2	1	SK	OG	Alistar,Ryze,Gragas	Rek'Sai,Hecarim,LeBlanc	Evelynn	Azir,Kalista	Maokai,Nautilus	Rumble,Thresh	Sejuani,Urgot	Vladimir	2	5.10	Ekko Disabled for Week 2	L5TBbttNuVQ	EU
2	1	UOL	CW	Draven,Azir,Kalista	Kog'Maw,Varus,Rek'Sai	Cassiopeia	Ryze,Sivir	Gragas,Morgana	Maokai,Evelynn	Kassadin,Lucian	Bard	1	5.10	Ekko Disabled for Week 2	mrLtt8-e8z0	EU
2	2	GMB	FNC	Rumble,Hecarim,Kalista	Thresh,Lucian,Viktor	Ryze	Gragas,Alistar	Ahri,Sivir	Rek'Sai,Azir	Ezreal,Morgana	Cho'Gath	2	5.10	Ekko Disabled for Week 2	vS98onrq8EU	EU
2	2	GIA	SK	Kalista,LeBlanc,Gragas	Ryze,Azir,Rek'Sai	Evelynn	Ezreal,Morgana	Jax,Kog'Maw	Rumble,Alistar	Sejuani,Sivir	Zed	1	5.10	Ekko Disabled for Week 2	eAP6gWVILWA	EU
2	2	UOL	ROC	Lulu,Azir,Alistar	Ryze,Morgana,Kalista	Gragas	Kog'Maw,Sivir	Nocturne,Annie	Maokai,Thresh	Rek'Sai,LeBlanc	Lucian	1	5.10	Ekko Disabled for Week 2	J6Tkglz5ufk	EU
2	2	H2K	EL	Urgot,Alistar,LeBlanc	Ryze,Maokai,Kalista	Thresh	Rumble,Rek'Sai	Orianna,Sivir	Gnar,Gragas	Lucian,Janna	Kassadin	1	5.10	Ekko Disabled for Week 2	GgNMD_jtof0	EU
2	2	OG	CW	Cassiopeia,Draven,Alistar	LeBlanc,Rumble,Ryze	Kalista	Gragas,Thresh	Hecarim,Vladimir	Maokai,Morgana	Evelynn,Ashe	Azir	1	5.10	Ekko Disabled for Week 2	B67IEziVLrs	EU
3	1	OG	UOL	Kog'Maw,Morgana,Ekko	Alistar,Urgot,LeBlanc	Gragas	Fizz,Sivir	Orianna,Nautilus	Ryze,Thresh	Rek'Sai,Kalista	Cassiopeia	1	5.10		entnXUkMp5k	EU
3	1	ROC	GIA	Gragas,Kalista,Ekko	Ryze,Rek'Sai,LeBlanc	Alistar	Azir,Kog'Maw	Rumble,Lee Sin	Evelynn,Morgana	Varus,Ezreal	Jax	2	5.10		YnjIDFpQDXo	EU
3	1	SK	H2K	Ryze,Kalista,Kassadin	LeBlanc,Kog'Maw,Ekko	Rek'Sai	Viktor,Janna	Dr.Mundo,Vayne	Rumble,Sivir	Gragas,Annie	Twisted Fate	2	5.10		5AyOoOl3AhY	EU
3	1	FNC	EL	Vladimir,Kassadin,LeBlanc	Rumble,Ryze,Alistar	Kalista	Rek'Sai,Morgana	Hecarim,Azir	Gragas,Ekko	Fizz,Bard	Vayne	1	5.10		hz8LmrFVNHU	EU
3	1	CW	GMB	LeBlanc,Hecarim,Fizz	Maokai,Morgana,Ryze	Ekko	Rumble,Alistar	Kog'Maw,Lucian	Rek'Sai,Azir	Gragas,Corki	Nautilus	2	5.10		gRCTGxNQ1IU	EU
3	2	FNC	GIA	Jax,Morgana,Thresh	Ryze,Rumble,Alistar	Ekko	LeBlanc,Sivir	Rek'Sai,Leona	Gragas,Nautilus	Lulu,Lucian	Renekton	1	5.10		DaWkxdDQEys	EU
3	2	ROC	OG	Kalista,Gragas,Ekko	Ryze,Rek'Sai,LeBlanc	Sivir	Rumble,Nautilus	Lee Sin,Azir	Fizz,Alistar	Evelynn,Lucian	Vladimir	1	5.10		9jJEsnA9oRI	EU
3	2	EL	CW	Draven,Maokai,Alistar	LeBlanc,Fizz,Ryze	Ekko	Gragas,Thresh	Hecarim,Ashe	Rek'Sai,Kalista	Vladimir,Morgana	Azir	2	5.10		LBGtV2VZ5hg&	EU
3	2	GMB	SK	LeBlanc,Maokai,Azir	Ryze,Morgana,Gnar	Rek'Sai	Lulu,Corki	Hecarim,Taric	Gragas,Alistar	Shyvana,Kalista	Vladimir	1	5.10		FKoe9kv7730	EU
3	2	UOL	H2K	Kalista,Fizz,Rek'Sai	Kog'Maw,Morgana,Ryze	Sivir	Maokai,Ekko	Orianna,Annie	Gragas,Thresh	Rumble,Jinx	Lulu	2	5.10		YLM4eDbRJxY	EU
4	1	GIA	GMB	Gragas,Hecarim,Ryze	Morgana,Maokai,Jax	Rek'Sai	Rumble,Alistar	Diana,Kalista	Nidalee,Corki	Fizz,Bard	Lulu	2	5.11		c1GbLoMBQWc	EU
4	1	EL	ROC	Azir,Rumble,Jayce	Kalista,Ekko,Ryze	Sivir	Gragas,Alistar	Hecarim,Vladimir	Fizz,Rek'Sai	Corki,Bard	Lulu	1	5.11		h3KnK2alDNk	EU
4	1	OG	FNC	Rumble,Jayce,Ryze	Alistar,Thresh,Morgana	Hecarim	Gragas,Azir	Sivir,Annie	Ekko,Kalista	Olaf,Janna	Viktor	2	5.11		mY_o6n2F_0c	EU
4	1	SK	UOL	Kog'Maw,Gragas,Ryze	Azir,Rek'Sai,LeBlanc	Ekko	Caitlyn,Lulu	Gnar,Cassiopeia	Kalista,Alistar	Shen,Lee Sin	Orianna	1	5.11		X9hJKzoIZSs	EU
4	1	CW	H2K	Fizz,Sivir,Rumble	Draven,Kalista,Azir	Ryze	Ekko,Jayce	Caitlyn,Alistar	Rek'Sai,Thresh	Gnar,Jinx	Lulu	2	5.11		OALLuIbjibQ	EU
4	2	SK	ROC	Gragas,Jayce,Azir	Rek'Sai,Kalista,Ekko	Lee Sin	Cassiopeia,Lulu	Shen,Vayne	Sivir,Alistar	Nidalee,Viktor	Gnar	1	5.11		YSfnrY_k5YE	EU
4	2	H2K	GIA	Jax,Morgana,Xerath	Rek'Sai,Rumble,Kalista	Sivir	Gnar,Gragas	Fizz,Alistar	Ekko,Thresh	Evelynn,Ezreal	Vayne	1	5.11		qeVrbkTMHEc	EU
4	2	CW	FNC	Hecarim,Rumble,Ryze	Draven,Azir,Kalista	Ekko	Jayce,Morgana	Vladimir,Caitlyn	Sivir,Alistar	Lulu,Olaf	Viktor	2	5.11		L85TEf-_b0c	EU
4	2	GMB	UOL	Morgana,Maokai,Cassiopeia	Azir,Gragas,Fizz	Rek'Sai	Lucian,Bard	Hecarim,Lulu	Sivir,Alistar	Shen,Nidalee	Orianna	2	5.11		B2KRO4VRq2g	EU
4	2	OG	EL	Ryze,Alistar,Ekko	Rumble,Kalista,Gragas	Sivir	Nunu,Vladimir	Fizz,Annie	Hecarim,Rek'Sai	Corki,Morgana	Azir	1	5.11		ZLIu2Pyoj0c	EU
5	1	ROC	CW	Draven,Shen,Vladimir	Lee Sin,Jayce,Azir	Kalista	Ekko,Gragas	Varus,Janna	Cassiopeia,Alistar	Rek'Sai,Sivir	Maokai	1	5.11		CzfZSg-BQrU	EU
5	1	UOL	GIA	Jax,Gragas,Kalista	Ryze,Sivir,Rek'Sai	Morgana	Shen,Jinx	Lee Sin,Syndra	Kog'Maw,Janna	Shyvana,Ezreal	Wukong	2	5.11		h6bPxFf4ehQ	EU
5	1	OG	GMB	Fizz,Yasuo,Shen	Sivir,Rumble,Morgana	Alistar	Rek'Sai,Kalista	Lulu,Vladimir	Nidalee,Corki	Ahri,Taric	Hecarim	1	5.11		iPGs4pHo4wA	EU
5	1	FNC	H2K	Thresh,Fizz,Ekko	Kalista,Azir,Riven	Sivir	Olaf,Jayce	Ryze,Janna	Rumble,Alistar	Rek'Sai,Corki	Varus	1	5.11		hQipv86VdgY	EU
5	1	EL	SK	Cassiopeia,Lulu,Vayne	Azir,Vladimir,Thresh	Kalista	Rek'Sai,Alistar	Gnar,Kog'Maw	Gragas,Ekko	Shen,Sivir	Morgana	1	5.11		VkjA9gs9cW4	EU
5	2	FNC	GMB	Fizz,Shen,Ahri	Rek'Sai,Ryze,Olaf	Gragas	Ekko,Kalista	Jayce,Janna	Azir,Sivir	Hecarim,Lee Sin	Annie	1	5.11		wFmCDWM9s7Q	EU
5	2	ROC	UOL	Morgana,Shen,Ryze	Jayce,Fizz,Kalista	Sivir	Ekko,Varus	Rek'Sai,Janna	Gragas,Alistar	Maokai,Jinx	Cassiopeia	1	5.11		uGuw71fzeNM	EU
5	2	CW	OG	Vladimir,Thresh,Azir	Shen,Kalista,Sivir	Alistar	Lulu,Draven	Rengar,Orianna	Ekko,Corki	Gragas,Janna	Varus	2	5.11		BFOT47BpMrk	EU
5	2	GIA	EL	Vladimir,Ekko,Kalista	Morgana,Jax,Kog'Maw	Sivir	Rek'Sai,Thresh	Shyvana,Orianna	Gragas,Alistar	Gnar,Corki	Azir	2	5.11		3XZKjhK5PoA	EU
5	2	H2K	SK	Cassiopeia,Shen,Ekko	Kalista,Sivir,Thresh	Corki	Rek'Sai,Jayce	Ryze,Janna	Gnar,Gragas	Caitlyn,Lulu	Azir	2	5.11		-y_FWjsRJX8	EU
6	1	GMB	CW	Kalista,Nidalee,Draven	Hecarim,NOBAN,NOBAN	Sivir	Gragas,Jayce	Fizz,Janna	Maokai,Morgana	Lee Sin,Corki	Varus	1	5.12		HzAKoNGAMwI	EU
6	1	ROC	SK	Lulu,Gnar,Rek'Sai	Kalista,Azir,Jayce	Sivir	Gragas,Nautilus	Maokai,Varus	Shen,Ekko	Cassiopeia,Tristana	Morgana	1	5.12		x8mhPhi628w	EU
6	1	GIA	FNC	Jayce,Rumble,Sivir	Jax,Morgana,Thresh	Alistar	Gragas,Ezreal	Shen,Corki	Rek'Sai,Janna	Lulu,Kalista	Azir	2	5.12		AGvK1TE3QZ4	EU
6	1	UOL	OG	Kalista,Lulu,Gragas	Morgana,Fizz,Sivir	Rek'Sai	Corki,Braum	Ryze,Varus	Jayce,Alistar	Ekko,Vayne	Lee Sin	1	5.12		0aCk2c8-RZo	EU
6	1	EL	H2K	Rumble,Fizz,Kalista	Master Yi,Ryze,Sivir	Corki	Ekko,Nautilus	Vladimir,Hecarim	Gnar,Thresh	Gragas,Jinx	Orianna	2	5.12		XMpRYa6JvyE	EU
6	2	SK	GIA	Morgana,Jax,Thresh	Lulu,Gnar,Alistar	Kalista	Rek'Sai,Nautilus	Shen,Jayce	Gragas,Ezreal	Ryze,Janna	Urgot	2	5.12		k-fnVMEFHwQ	EU
6	2	ROC	GMB	Kalista,Varus,Viktor	Fizz,Sivir,Ryze	Jayce	Gragas,Alistar	Shen,Ezreal	Corki,Rek'Sai	Azir,Nautilus	Maokai	1	5.12		jxgFTBAVSJg	EU
6	2	FNC	CW	Draven,Nidalee,Lee Sin	Ryze,Hecarim,Jayce	Kalista	Rumble,Rek'Sai	Viktor,Thresh	Sivir,Alistar	Azir,Shen	Vi	2	5.12		WCQZS8salWk	EU
6	2	EL	OG	Kalista,Lulu,Gragas	Master Yi,Sivir,Ryze	Rek'Sai	Gnar,Alistar	Vladimir,Kog'Maw	Ekko,Corki	Rumble,Thresh	Varus	2	5.12		22NfFtydCiY	EU
6	2	H2K	UOL	Morgana,Kog'Maw,Ryze	Lulu,Kalista,Sivir	Thresh	Rumble,Gragas	Jayce,Jinx	Rek'Sai,Corki	Gnar,Orianna	Braum	1	5.12		-3p_Dtckb8M	EU
7	1	CW	UOL	Ryze,Sivir,Morgana	Draven,Kalista,Nidalee	Gragas	Lulu,Nautilus	Viktor,Graves	Corki,Alistar	Lee Sin,Kog'Maw	Shen	2	5.12		pnt_lYHuuCI	EU
7	1	ROC	EL	Gragas,Fizz,Rek'Sai	Azir,Varus,Kalista	Ryze	Ekko,Graves	Jayce,Annie	Nautilus,Sivir	Evelynn,Thresh	Twisted Fate	2	5.12		a6Nr2ueobzw	EU
7	1	OG	GIA	Jax,Ezreal,Morgana	Vladimir,Kalista,Alistar	Sivir	Ryze,Rek'Sai	Diana,Nautilus	Gragas,Janna	Rumble,Tristana	Yasuo	1	5.12		P2XYnlJf0E4	EU
7	1	H2K	FNC	Olaf,Ryze,Rek'Sai	Thresh,Kalista,Sivir	Gragas	Gnar,Shen	Viktor,Lucian	Rumble,Corki	Rengar,Alistar	Jayce	2	5.12		Q_S4fdl3_Cc	EU
7	1	SK	GMB	Ryze,Azir,Sivir	Kalista,Shen,Rek'Sai	Ezreal	Nautilus,Ekko	Viktor,Lulu	Gragas,Corki	Yasuo,Alistar	Orianna	2	5.12		_7PpFutJsno	EU
7	2	ROC	H2K	Gragas,Fizz,Rek'Sai	Azir,Ryze,Nidalee	Kalista	Lee Sin,Thresh	Maokai,Viktor	Rumble,Olaf	Sivir,Annie	Jayce	1	5.12		B28FkzMTh10	EU
7	2	GMB	GIA	Jax,Kalista,Ezreal	Jayce,Fizz,Sivir	Ryze	Azir,Alistar	Gragas,Graves	Rek'Sai,Morgana	Varus,Jinx	Galio	2	5.12		FQWd_rVszmE	EU
7	2	UOL	EL	Master Yi,Twisted Fate,Kalista	Varus,Kog'Maw,Morgana	Sivir	Shen,Ezreal	Elise,Alistar	Ryze,Thresh	Nautilus,Evelynn	Twitch	1	5.12		1jMfg0HsxiQ	EU
7	2	FNC	OG	Thresh,Alistar,Varus	Rek'Sai,Olaf,Sivir	Kalista	Lulu,Janna	Nunu,Viktor	Ryze,Gragas	Corki,Nautilus	Twisted Fate	1	5.12		hZezP78yN_I	EU
7	2	SK	CW	Draven,Nidalee,Azir	Gnar,Kalista,Ezreal	Sivir	Nautilus,Gragas	Irelia,Lulu	Shen,Alistar	Viktor,Corki	Rek'Sai	1	5.12		GzQ045p8054	EU
8	1	GIA	H2K	Rumble,Thresh,Sivir	Jax,Morgana,Ezreal	Ryze	Rek'Sai,Nautilus	Jayce,Jinx	Kalista,Alistar	Shen,Gragas	Ahri	2	5.13	Tahm Kench Disabled for Week 8	JIrd44ztJZE	EU
8	1	CW	EL	Vladimir,Evelynn,Ryze	Draven,Nidalee,Sivir	Kalista	Lee Sin,Morgana	Shen,Azir	Rek'Sai,Thresh	Rumble,Corki	Varus	2	5.13	Tahm Kench Disabled for Week 8	kwGmbDW-yws	EU
8	1	UOL	SK	Lulu,Rek'Sai,Sivir	Ryze,Morgana,Gragas	Lee Sin	Rumble,Jinx	Ezreal,Thresh	Corki,Shen	Gnar,Nidalee	Jayce	2	5.13	Tahm Kench Disabled for Week 8	c-IQOhPfiWg	EU
8	1	GMB	OG	Vladimir,Rumble,Varus	Sivir,Ryze,Gangplank	Alistar	Nidalee,Jayce	Shen,Lucian	Rek'Sai,Corki	Viktor,Braum	Nautilus	1	5.13	Tahm Kench Disabled for Week 8	RfHkWgghqs4	EU
8	1	ROC	FNC	Jayce,Kalista,Viktor	Sivir,Ryze,Azir	Rumble	Gragas,Caitlyn	Varus,Janna	Rek'Sai,Corki	Riven,Alistar	Twisted Fate	2	5.13	Tahm Kench Disabled for Week 8	2PkhUJ0V5kE	EU
8	2	GIA	ROC	Kalista,Rumble,Sivir	Jax,Morgana,Ryze	Corki	Gragas,Alistar	Shyvana,Varus	Rek'Sai,Nautilus	Maokai,Kog'Maw	Viktor	2	5.13	Tahm Kench Disabled for Week 8	ddLAHG5Q9Qw	EU
8	2	H2K	CW	Draven,Nidalee,Lee Sin	Ryze,Sivir,Kalista	Rek'Sai	Corki,Alistar	Shen,Viktor	Rumble,Thresh	Elise,Caitlyn	Irelia	2	5.13	Tahm Kench Disabled for Week 8	wHz7MxQOqVQ	EU
8	2	OG	SK	Nidalee,Jayce,Azir	Ryze,Sivir,Rek'Sai	Gragas	Rumble,Corki	Varus,Thresh	Shen,Viktor	Gnar,Lee Sin	Kog'Maw	1	5.13	Tahm Kench Disabled for Week 8	HIBV7CVctcg	EU
8	2	EL	FNC	Rek'Sai,Jayce,Rumble	Sivir,Evelynn,Ryze	Corki	Shen,Nidalee	Varus,Janna	Gragas,Alistar	Jarvan IV,Tristana	Viktor	2	5.13	Tahm Kench Disabled for Week 8	ezfAL3pcfDI	EU
8	2	UOL	GMB	Fizz,Nidalee,Jayce	Ryze,Shen,Sivir	Alistar	Jarvan IV,Corki	Maokai,Orianna	Rek'Sai,Gragas	Ahri,Lucian	Gangplank	1	5.13	Tahm Kench Disabled for Week 8	gZcV-fyoGE4	EU
9	1	CW	ROC	Fizz,Varus,Viktor	Draven,Ryze,Thresh	Kalista	Shen,Nidalee	Irelia,Morgana	Rumble,Alistar	Gragas,Sivir	Azir	1	5.13		rfcVft1dgyE	EU
9	1	GIA	UOL	Orianna,Shen,Alistar	Ryze,Jayce,Morgana	Sivir	Rek'Sai,Thresh	Jax,Viktor	Gragas,Graves	Maokai,Annie	Syndra	2	5.13		--WtYWv97hg	EU
9	1	SK	FNC	Ryze,Alistar,Rumble	Sivir,Shen,Tahm Kench	Corki	Gragas,Lulu	Maokai,Jayce	Rek'Sai,Tristana	Fizz,Trundle	Twisted Fate	2	5.13		RrwKiVwjz4M	EU
9	1	H2K	OG	Vladimir,Varus,Alistar	Sivir,Ryze,Rumble	Thresh	Fizz,Gragas	Twisted Fate,Kalista	Rek'Sai,Corki	Lulu,Shen	Viktor	2	5.13		sYc-IbktS7k	EU
9	1	EL	GMB	Nidalee,Fizz,Jayce	Twisted Fate,Ryze,Shen	Sivir	Rumble,Rek'Sai	Kog'Maw,Thresh	Varus,Alistar	Gragas,Corki	Kennen	1	5.13		nuEHOG8KmVY	EU
9	2	CW	GIA	Morgana,Jax,Fizz	Kalista,Draven,Irelia	Sivir	Shen,Thresh	Elise,Viktor	Ryze,Alistar	Gragas,Ezreal	Varus	2	5.13		E4f_7ri93eQ	EU
9	2	GMB	H2K	Kalista,Thresh,Shen	Nidalee,Ryze,Sivir	Fizz	Rek'Sai,Corki	Jayce,Morgana	Gragas,Alistar	Rumble,Tristana	Ahri	2	5.13		aAA4FC-wfN0	EU
9	2	SK	EL	Ryze,Kog'Maw,Twisted Fate	Nidalee,Shen,Sivir	Corki	Tahm Kench,Gragas	Irelia,Nautilus	Rek'Sai,Varus	Rumble,Alistar	Kalista	1	5.13		Dwubngn-N-4	EU
9	2	OG	ROC	Azir,Jayce,Thresh	Viktor,Ryze,Corki	Sivir	Rek'Sai,Shen	Fizz,Twisted Fate	Nidalee,Alistar	Maokai,Kalista	Yasuo	2	5.13		egoTKpJa8rA	EU
9	2	FNC	UOL	Shen,Orianna,Syndra	Jayce,Rek'Sai,Janna	Ryze	Gragas,Trundle	Corki,Varus	Sivir,Alistar	Poppy,Rengar	Kog'Maw	1	5.13		81ye1YFfxdU	EU
9	3	GIA	ROC	Alistar,Maokai,Nidalee	Jax,Ryze,Morgana	Kalista	Rek'Sai,Bard	Galio,Varus	Rumble,Thresh	Gragas,Corki	Yasuo	2	5.13		uAS4NMKQpLQ	EU
1	1	C9	TSM	LeBlanc,Kalista,Hecarim	Alistar,Sejuani,Ashe	Rumble	Gragas,Kog'Maw	Sivir,Nautilus	Urgot,Thresh	Maokai,Rek'Sai	Viktor	1	5.9		_5ZfxTmeM0A	NA
1	1	TDK	TL	NOBAN,NOBAN,NOBAN	Kog'Maw,Nidalee,Evelynn	Thresh	Rek'Sai,Corki	Rumble,Azir	Gragas,Kalista	Cassiopeia,Annie	Gnar	2	5.9		4TGWdEDkIIk	NA
1	1	CLG	DIG	Thresh,Rek'Sai,Jarvan IV	Gragas,LeBlanc,Bard	Alistar	Lee Sin,Ashe	Maokai,Kog'Maw	Sejuani,Kalista	Azir,Annie	Hecarim	1	5.9		1-JrwO6S2dU	NA
1	1	T8	TIP	Rumble,Kassadin,Kalista	Gragas,Maokai,LeBlanc	Rek'Sai	Urgot,Thresh	Gnar,Ziggs	Yasuo,Alistar	Evelynn,Sivir	Fizz	2	5.9		kfJFR08CNxQ	NA
1	1	GV	NME	Irelia,LeBlanc,Kalista	Alistar,Rek'Sai,Gragas	Hecarim	Fizz,Sivir	Nunu,Thresh	Rumble,Sejuani	Kassadin,Nautilus	Vayne	2	5.9		ILnzQUQep24	NA
1	2	TL	T8	LeBlanc,Hecarim,Urgot	Kalista,Gragas,Rek'Sai	Thresh	Rumble,Nunu	Cassiopeia,Sivir	Sejuani,Nautilus	Irelia,Graves	Vladimir	1	5.9		W_8mWpxusLQ	NA
1	2	DIG	C9	LeBlanc,Gragas,Rumble	Annie,Alistar,Hecarim	Kalista	Zac,Nautilus	Gnar,Vladimir	Rek'Sai,Thresh	Maokai,Kog'Maw	Ashe	1	5.9		DLnnRbKfxQ	NA
1	2	TIP	CLG	Maokai,Bard,Gragas	Fizz,Rek'Sai,Yasuo	Alistar	Hecarim,Evelynn	LeBlanc,Sivir	Sejuani,Kalista	Gnar,Thresh	Azir	2	5.9		Uv0xkKAUQKo	NA
1	2	TSM	NME	Irelia,Kog'Maw,Rek'Sai	Gragas,Cassiopeia,LeBlanc	Alistar	Rumble,Sejuani	Viktor,Sivir	Hecarim,Kalista	Evelynn,Morgana	Kassadin	1	5.9		W4LbtQRUG0Y	NA
1	2	TDK	GV	NOBAN,NOBAN,NOBAN	Nidalee,Evelynn,NOBAN	Gragas	Vladimir,Thresh	Viktor,Lucian	Hecarim,Alistar	Lee Sin,Jinx	Malphite	2	5.9		FTRnMmUb_GQ	NA
2	1	NME	TL	LeBlanc,Sejuani,Alistar	Hecarim,Nidalee,Kog'Maw	Gragas	Irelia,Nautilus	Varus,Corki	Ryze,Kalista	Rek'Sai,Thresh	Azir	2	5.10	Ekko Disabled for Week 2	Ct5NKLWEL1g	NA
2	1	C9	GV	Alistar,Hecarim,Fizz	Gragas,Kalista,Azir	Ryze	Sejuani,Nautilus	Viktor,Ezreal	Rek'Sai,Sivir	Maokai,Thresh	Twisted Fate	2	5.10	Ekko Disabled for Week 2	ilXd4_HNymo	NA
2	1	TSM	TIP	Fizz,Yasuo,Alistar	Gragas,Kalista,Ryze	Rek'Sai	Gnar,LeBlanc	Vayne,Annie	Rumble,Lee Sin	Sivir,Thresh	Azir	1	5.10	Ekko Disabled for Week 2	kbfSkMoSqXc	NA
2	1	T8	CLG	Bard,Ryze,Alistar	Irelia,LeBlanc,Gragas	Kalista	Maokai,Sejuani	Ziggs,Nautilus	Rek'Sai,Thresh	Rumble,Sivir	Varus	2	5.10	Ekko Disabled for Week 2	-QVCgy5cfcY	NA
2	1	DIG	TDK	Evelynn,Nidalee,Thresh	Gnar,Alistar,Rek'Sai	Ryze	Zac,Kalista	Azir,Morgana	Gragas,Nautilus	Irelia,Corki	Varus	1	5.10	Ekko Disabled for Week 2	NkfFmnihxd4	NA
2	2	C9	TIP	Alistar,Fizz,Yasuo	Kalista,Ryze,Rek'Sai	Gragas	Maokai,Nautilus	Azir,Lucian	Rumble,Sivir	Sejuani,Janna	LeBlanc	2	5.10	Ekko Disabled for Week 2	osvKkJbGQp8	NA
2	2	TL	GV	Fizz,Thresh,Hecarim	Kalista,LeBlanc,Gragas	Rek'Sai	Maokai,Janna	Cassiopeia,Vayne	Ryze,Alistar	Jarvan IV,Sivir	Urgot	2	5.10	Ekko Disabled for Week 2	nRzJ-nsIbcg	NA
2	2	CLG	TSM	Rumble,Gragas,Alistar	Ryze,Yasuo,Thresh	Kalista	Maokai,Nautilus	Lee Sin,Azir	Rek'Sai,LeBlanc	Gnar,Bard	Sivir	2	5.10	Ekko Disabled for Week 2	eUh9W46lcp8	NA
2	2	TDK	NME	Hecarim,Kog'Maw,Varus	Nidalee,Ryze,Alistar	Rumble	Sejuani,Thresh	Orianna,Ashe	Gragas,Kalista	Irelia,Bard	LeBlanc	2	5.10	Ekko Disabled for Week 2	pH4E8orcqAY	NA
2	2	T8	DIG	Alistar,Kalista,Jarvan IV	Irelia,LeBlanc,Ryze	Rek'Sai	Sivir,Nautilus	Rumble,Azir	Gnar,Thresh	Zac,Ezreal	Kog'Maw	2	5.10	Ekko Disabled for Week 2	kvwdbL6tbJc	NA
3	1	NME	T8	LeBlanc,Kalista,Kassadin	Gragas,Ryze,Alistar	Ekko	Rek'Sai,Janna	Gnar,Sivir	Hecarim,Thresh	Nunu,Azir	Jinx	2	5.10		3NepiKfsQ04	NA
3	1	TSM	DIG	Azir,Rumble,Alistar	LeBlanc,Ryze,Maokai	Kalista	Ekko,Bard	Hecarim,Gragas	Fizz,Rek'Sai	Sivir,Morgana	Kog'Maw	1	5.10		GgJIe0LkpQw	NA
3	1	TL	C9	Rumble,Sivir,Gragas	Ryze,Kalista,Rek'Sai	Alistar	Hecarim,Ekko	LeBlanc,Corki	Fizz,Nunu	Azir,Lucian	Nautilus	1	5.10		wkZiu3E6sFY	NA
3	1	TIP	TDK	Kalista,Gragas,Ryze	NOBAN,NOBAN,NOBAN	Alistar	LeBlanc,Sivir	Maokai,Lee Sin	Nidalee,Janna	Viktor,Lucian	Dr.Mundo	1	5.10		QjH4VGf1mc8	NA
3	1	GV	CLG	LeBlanc,Azir,Rek'Sai	Urgot,Twisted Fate,Ryze	Alistar	Rumble,Sivir	Hecarim,Jarvan IV	Ekko,Gragas	Ashe,Bard	Lulu	2	5.10		3cZjD15ruL0	NA
3	2	C9	T8	LeBlanc,Hecarim,Sivir	Rumble,Ryze,Kalista	Maokai	Gragas,Karma	Varus,Jinx	Nunu,Alistar	Fizz,Corki	Azir	1	5.10		fa6P4AEj5Mo	NA
3	2	TSM	TDK	Nidalee,Thresh,Evelynn	Alistar,Ryze,LeBlanc	Kalista	Rumble,Annie	Rek'Sai,Ekko	Gragas,Corki	Vladimir,Malphite	Yasuo	1	5.10		h3scUwCDccQ	NA
3	2	TIP	TL	Ekko,Rek'Sai,Gragas	Alistar,Ryze,Sivir	Kalista	Rumble,Annie	Lee Sin,Kassadin	LeBlanc,Nautilus	Sejuani,Tristana	Hecarim	2	5.10		mj-8nUGeLCY	NA
3	2	DIG	GV	Urgot,Twisted Fate,Sivir	Ryze,LeBlanc,Alistar	Kalista	Rek'Sai,Annie	Maokai,Azir	Gragas,Nautilus	Rumble,Tristana	Jarvan IV	2	5.10		fPGzKop7S3M	NA
3	2	CLG	NME	Irelia,Gragas,Alistar	Kalista,Ryze,Ekko	Sivir	Nunu,Bard	Gnar,Azir	Hecarim,Rek'Sai	Vayne,Janna	Xerath	1	5.10		3FnvlZCIUY8	NA
4	1	DIG	TIP	Rumble,Nidalee,Sivir	Kalista,Ryze,Gragas	Alistar	Hecarim,Corki	Xin Zhao,Twisted Fate	Ekko,Rek'Sai	Graves,Janna	Varus	1	5.11		xTgvsYjxEvk	NA
4	1	TDK	CLG	NOBAN,NOBAN,NOBAN	Ryze,Nidalee,Vladimir	Nautilus	Azir,Corki	Rumble,Rek'Sai	Gragas,Kalista	Kog'Maw,Alistar	Gnar	2	5.11		jKtUERIXfBA	NA
4	1	TL	TSM	Nidalee,Sivir,Gragas	Ryze,Ekko,Hecarim	Kalista	Rumble,Sejuani	Jayce,Annie	Rek'Sai,Alistar	Azir,Corki	Gnar	2	5.11		FXeiEBaJO0I	NA
4	1	GV	T8	Irelia,Kalista,Alistar	Jarvan IV,Rumble,Ryze	Ekko	Rek'Sai,Thresh	Urgot,Vayne	Gragas,Sivir	Hecarim,Nautilus	Viktor	1	5.11		zHkuLdMO3O8	NA
4	1	NME	C9	Gragas,Kalista,Alistar	Ryze,Ekko,Hecarim	Rumble	Sejuani,Annie	Jayce,Jinx	Nidalee,Sivir	Maokai,Thresh	Azir	1	5.11		ajvBgoSzCVo	NA
4	2	T8	TDK	Nidalee,Vladimir,Ryze	NOBAN,NOBAN,NOBAN	Gragas	Rumble,Kalista	Varus,Thresh	Azir,Alistar	Evelynn,Corki	Irelia	1	5.11		F4nNUD-3DTc	NA
4	2	GV	TSM	Irelia,Alistar,Gragas	Ryze,Ekko,Hecarim	Urgot	Rumble,Thresh	Xin Zhao,Tristana	Rek'Sai,Kalista	Gnar,Annie	Azir	2	5.11		Qp3d1cXa1X8	NA
4	2	CLG	C9	Rumble,Gragas,Nidalee	Ryze,Kalista,Bard	Alistar	Ashe,Rek'Sai	Gnar,Kog'Maw	Ekko,Sivir	Azir,Nautilus	Fizz	1	5.11		aUZgJIgKxyA	NA
4	2	NME	TIP	Ekko,Sivir,Alistar	Ryze,Sejuani,Annie	Kalista	Rek'Sai,Thresh	Hecarim,Nidalee	Rumble,Gragas	Corki,Nautilus	Yasuo	2	5.11		Q6m61eVpSjw	NA
4	2	TL	DIG	Kog'Maw,Sivir,Gragas	Ryze,Azir,Alistar	Kalista	Rumble,Sejuani	Jayce,Thresh	Rek'Sai,Nautilus	Jarvan IV,Corki	Lulu	2	5.11		Dud_sToNaxo	NA
5	1	TIP	GV	Rek'Sai,Alistar,Kalista	Ryze,Annie,Gragas	Sivir	Maokai,Nautilus	Nocturne,Kassadin	Hecarim,Thresh	Evelynn,Jinx	Rumble	2	5.11		v9nyMIwVQH4	NA
5	1	TL	CLG	Alistar,Kog'Maw,Rek'Sai	Ryze,Kalista,Gragas	Sivir	Ekko,Annie	Sion,Azir	Evelynn,Twisted Fate	Ashe,Bard	Gnar	1	5.11		XziANKinF0Q	NA
5	1	TSM	T8	Irelia,Rek'Sai,Alistar	Ryze,Ekko,Gragas	Kalista	Gnar,Azir	Jarvan IV,Thresh	Sivir,Annie	Shen,Viktor	Nocturne	1	5.11		xDDFlS4nSAk	NA
5	1	C9	TDK	Alistar,Vladimir,Gragas	Ryze,Rumble,Kalista	Rek'Sai	Fizz,Annie	Viktor,Ashe	Gnar,Sivir	Ekko,Thresh	Azir	1	5.11		35t8LsmqgTE	NA
5	1	DIG	NME	Gragas,Shen,Kassadin	Jarvan IV,Alistar,Ryze	Rek'Sai	Azir,Sivir	Hecarim,Nautilus	Rumble,Annie	Sejuani,Jinx	Jayce	1	5.11		x3y1Su0IiPU	NA
5	2	GV	TL	Azir,Annie,Kalista	Urgot,Ryze,Rumble	Gragas	Sivir,Janna	Hecarim,Orianna	Gnar,Alistar	Rek'Sai,Vayne	Viktor	1	5.11		2oocoJsOSfI	NA
5	2	TIP	C9	Rek'Sai,Azir,Ekko	Ryze,Kalista,Gragas	Alistar	Lee Sin,Sivir	Maokai,Orianna	Rumble,Nocturne	Jinx,Annie	Viktor	1	5.11		tT2-WEOfwTQ	NA
5	2	TSM	CLG	Ekko,Rek'Sai,Bard	Kalista,Gragas,Ryze	Alistar	Rumble,Azir	Jarvan IV,Tristana	Gnar,Sivir	Evelynn,Kog'Maw	Thresh	1	5.11		qZnO46_a1No	NA
5	2	TDK	DIG	Rumble,Jarvan IV,Kalista	Ryze,Alistar,Twisted Fate	Sivir	Gragas,Nautilus	Vladimir,Viktor	Hecarim,Rek'Sai	Corki,Thresh	Azir	2	5.11		d-o29V5HK8E	NA
5	2	T8	NME	Kassadin,Gragas,Alistar	Viktor,Azir,Ryze	Rek'Sai	Kalista,Morgana	Shen,Vladimir	Nautilus,Annie	Olaf,Sivir	Varus	1	5.11		zfh_ZZR64yQ	NA
6	1	TIP	NME	Rek'Sai,Rumble,Kalista	Sivir,Ryze,Yasuo	Nautilus	Nidalee,Alistar	Ahri,Graves	Shen,Ezreal	Gragas,Corki	Braum	1	5.12	Darius Disabled for Week 6	2UBS6AVVCQw	NA
6	1	TDK	TSM	Rumble,Nidalee,Kalista	Ryze,Vladimir,Irelia	Alistar	Lulu,Evelynn	Viktor,Tristana	Gragas,Sivir	Nautilus,Thresh	Ezreal	2	5.12	Darius Disabled for Week 6	Owdn6wVPC84	NA
6	1	C9	TL	Sivir,NOBAN,NOBAN	Ryze,Kalista,Rumble	Alistar	Rek'Sai,Tristana	Fizz,Twisted Fate	Nautilus,Gragas	Corki,Annie	Yasuo	2	5.12	Darius Disabled for Week 6	PhKZ6UsEhek	NA
6	1	CLG	GV	Urgot,Twisted Fate,Hecarim	Ryze,Azir,Kalista	Alistar	Gragas,Jinx	Rumble,Lulu	Nautilus,Sivir	Nidalee,Shen	Orianna	2	5.12	Darius Disabled for Week 6	gMz9sBYRaw8	NA
6	1	DIG	T8	Azir,Gragas,Alistar	Ryze,Kalista,Thresh	Shen	Ezreal,Annie	Evelynn,Diana	Rek'Sai,Sivir	Irelia,Nautilus	Kassadin	1	5.12	Darius Disabled for Week 6	KVyBh-ATOUY	NA
6	2	NME	TDK	Sivir,Vladimir,Azir	Ryze,Alistar,Ezreal	Kalista	Shen,Rek'Sai	Ahri,Annie	Gragas,Nautilus	Rumble,Tristana	Diana	1	5.12	Darius Disabled for Week 6	oSBTJixgnBs	NA
6	2	CLG	TIP	Nautilus,Maokai,Shen	Kalista,Ryze,Alistar	Gragas	Jinx,Rumble	Lulu,Morgana	Nidalee,Sivir	Gnar,Janna	Ezreal	2	5.12	Darius Disabled for Week 6	liHqDlk-ibw	NA
6	2	TSM	GV	Urgot,Nautilus,Alistar	Ryze,Azir,Kalista	Gragas	Corki,Annie	Gnar,Ezreal	Sivir,Shen	Maokai,Nidalee	Jarvan IV	2	5.12	Darius Disabled for Week 6	vgxgEe-lLjc	NA
6	2	DIG	TL	Gragas,Nautilus,Annie	Ryze,Kalista,Diana	Alistar	Evelynn,Ezreal	Shen,Varus	Rek'Sai,Sivir	Thresh,Maokai	Twisted Fate	2	5.12	Darius Disabled for Week 6	9JmwvUl8qHM	NA
6	2	T8	C9	Rek'Sai,Sivir,Twisted Fate	Ryze,Kalista,Gragas	Shen	Jarvan IV,Ezreal	Graves,Thresh	Rumble,Alistar	Lee Sin,Corki	Zed	1	5.12	Darius Disabled for Week 6	fPKRwCty_y8	NA
7	1	TL	TDK	Vladimir,Diana,Nautilus	Ryze,Annie,Kalista	Sivir	Gragas,Janna	Gnar,Azir	Rek'Sai,Alistar	Maokai,Vayne	Ezreal	1	5.12		0lQgROsWfWs	NA
7	1	NME	CLG	Sivir,Alistar,Twisted Fate	Ryze,Shen,Kalista	Nautilus	Rek'Sai,Ezreal	Corki,Braum	Gragas,Tristana	Orianna,Janna	Fizz	2	5.12		qEr1ddl61UI	NA
7	1	GV	C9	Fizz,Twisted Fate,Azir	Ryze,Kalista,Nautilus	Shen	Maokai,Sivir	Nidalee,Urgot	Rumble,Rek'Sai	Vayne,Braum	Viktor	1	5.12		rvWsKNZW6Tg	NA
7	1	T8	TSM	Sivir,Yasuo,Gnar	Ryze,Fizz,Alistar	Kalista	Gragas,Thresh	Maokai,Azir	Nautilus,Shen	Vi,Jinx	Ezreal	1	5.12		h780zbOCxNU	NA
7	1	TIP	DIG	Rek'Sai,Kalista,Gragas	Nidalee,Ryze,Maokai	Sivir	Lee Sin,Shen	Gnar,Twisted Fate	Rumble,Alistar	Jarvan IV,Corki	Varus	1	5.12		K8npSsC0u94	NA
7	2	NME	GV	Nidalee,Sivir,Jarvan IV	Ryze,Kalista,Shen	Gragas	Irelia,Janna	Ahri,Kog'Maw	Maokai,Braum	Rek'Sai,Tristana	Azir	2	5.12		Tcubn6ET2uM	NA
7	2	C9	DIG	Annie,Alistar,Rek'Sai	Twisted Fate,Ryze,Fizz	Kalista	Maokai,Karma	Rengar,Orianna	Sivir,Nautilus,Sivir	Jarvan IV,Lee Sin	Diana	1	5.12		ununEVcQStI	NA
7	2	TSM	TL	Olaf,Kalista,Alistar	Ryze,Sivir,Nidalee	Gragas	Maokai,Shen	Orianna,Jinx	Nautilus,Azir	Rek'Sai,Corki	Annie	2	5.12		kj9Boyx2V1o	NA
7	2	TIP	T8	Azir,Kalista,Rek'Sai	Nidalee,Sivir,Yasuo	Ryze	Corki,Alistar	Lee Sin,Ahri	Twisted Fate,Shen	Gragas,Jinx	Nautilus	1	5.12		GIjcDuMytK0	NA
7	2	CLG	TDK	Sivir,Vladimir,Diana	Ryze,Annie,Kalista	Nautilus	Tristana,Janna	Fizz,Twisted Fate	Evelynn,Alistar	Maokai,Vayne	Ahri	1	5.12		CT79geK10lk	NA
8	1	C9	NME	Nidalee,Gragas,Rek'Sai	Ryze,Azir,Orianna	Kalista	Rumble,Braum	Shyvana,Ahri	Maokai,Alistar	Evelynn,Corki	Master Yi	1	5.13	Tahm Kench Disabled for Week 8	qKY12aBRfg0	NA
8	1	TIP	TSM	Azir,Rek'Sai,Kalista	Ryze,Sivir,Alistar	Nidalee	Maokai,Janna	Orianna,Kog'Maw	Shen,Corki	Gragas,Annie	Twisted Fate	1	5.13	Tahm Kench Disabled for Week 8	5ckzXjydOSo	NA
8	1	CLG	TL	Azir,Annie,Nidalee	Ryze,Sivir,Kalista	Gragas	Alistar,Tristana	Fizz,Ezreal	Corki,Janna	Rek'Sai,Viktor	Hecarim	1	5.13	Tahm Kench Disabled for Week 8	21k_bxgXgKo	NA
8	1	GV	DIG	Azir,Kalista,Twisted Fate	Nidalee,Sivir,Ryze	Shen	Tristana,Braum	Vi,Rumble	Rek'Sai,Corki	Gnar,Thresh	Ahri	2	5.13	Tahm Kench Disabled for Week 8	kAF-3a3pa2k	NA
8	1	TDK	T8	Annie,Kalista,Sivir	Vladimir,Ryze,Nidalee	Rumble	Tristana,Braum	Evelynn,Jayce	Gragas,Alistar	Maokai,Corki	Varus	2	5.13	Tahm Kench Disabled for Week 8	DaEV0GlWjF4	NA
8	2	TL	NME	Nidalee,Shen,Alistar	Azir,Annie,Ryze	Kalista	Maokai,Rek'Sai	Twisted Fate,Janna	Gragas,Nautilus	Fizz,Sivir	Yasuo	1	5.13	Tahm Kench Disabled for Week 8	6l-bVZ4kKBI	NA
8	2	C9	CLG	Alistar,Fizz,Tristana	Ryze,Rumble,Braum	Kalista	Maokai,Karma	Nidalee,Orianna	Gragas,Janna	Azir,Sivir	Kennen	2	5.13	Tahm Kench Disabled for Week 8	G77HN_ve3pc	NA
8	2	DIG	TSM	Azir,Kalista,Alistar	Ryze,Sivir,Fizz	Rek'Sai	Rumble,Thresh	Viktor,Jinx	Maokai,Janna	Gragas,Tristana	Kog'Maw	2	5.13	Tahm Kench Disabled for Week 8	VX4Y1UEjASE	NA
8	2	TDK	TIP	Nidalee,Twisted Fate,Nautilus	Ryze,Kalista,Rek'Sai	Elise	Vayne,Bard	Vladimir,Syndra	Shen,Alistar	Lee Sin,Sivir	Orianna	2	5.13	Tahm Kench Disabled for Week 8	O7kbGBCQSXM	NA
8	2	T8	GV	Urgot,Rumble,Sivir	Ryze,Shen,Kalista	Maokai	Nidalee,Tristana	Azir,Braum	Gnar,Janna	Vi,Jinx	Kog'Maw	2	5.13	Tahm Kench Disabled for Week 8	wean4feC4m0	NA
9	1	T8	TL	Azir,Sivir,Alistar	Ryze,Kalista,Tristana	Corki	Gragas,Braum	Fizz,Viktor	Maokai,Nidalee	Kog'Maw,Janna	Orianna	2	5.13		f3GeQiR3_nM	NA
9	1	DIG	CLG	Rumble,Twisted Fate,Kalista	Ryze,Sivir,Ahri	Rek'Sai	Kog'Maw,Braum	Shen,Lulu	Ezreal,Alistar	Gragas,Tristana	Olaf	2	5.13		FTgfPIDYfD8	NA
9	1	GV	TIP	Twisted Fate,Kog'Maw,Lee Sin	Ryze,Kalista,Fizz	Nidalee	Maokai,Lucian	Orianna,Janna	Shen,Sivir	Evelynn,Alistar	Azir	2	5.13		2f20ZX4Ayf4	NA
9	1	NME	TSM	Azir,Annie,Kalista	Ryze,Sivir,Fizz	Nidalee	Nautilus,Viktor	Jinx,Morgana	Maokai,Janna	Gragas,Tristana	Kog'Maw	2	5.13		BELrvyQH_iw	NA
9	1	TDK	C9	Rumble,Rek'Sai,Kalista	Ryze,Nidalee,Vladimir	Thresh	Zac,Lucian	Kha'Zix,Zed	Maokai,Tristana	Nunu,Karma	Orianna	1	5.13		NlYjQxEWlOM	NA
9	2	NME	DIG	Alistar,Annie,Kalista	Ryze,Nidalee,Maokai	Sivir	Ekko,Nautilus	Riven,Viktor	Rek'Sai,Kog'Maw	Jarvan IV,Thresh	Ezreal	2	5.13		807zOXR7mk8	NA
9	2	CLG	T8	Nidalee,Tristana,Braum	Ryze,Kalista,Sivir	Gragas	Ezreal,Janna	Olaf,Twisted Fate	Corki,Alistar	Rek'Sai,Jayce	Rumble	1	5.13		C6KQG3R2gLM	NA
9	2	TSM	C9	Rumble,Kalista,Maokai	Ryze,Azir,Nidalee	Sivir	Shen,Gragas	Viktor,Annie	Tristana,Karma	Gnar,Shyvana	Orianna	2	5.13		1BU1G8ahXiU	NA
9	2	GV	TDK	Evelynn,Zac,Vladimir	Ryze,Nidalee,Kalista	Sivir	Rumble,Shen	Gragas,Jarvan IV	Elise,Thresh	Kassadin,Draven	Irelia	2	5.13		dACQW5L7sLs	NA
9	2	TL	TIP	Nidalee,Shen,Alistar	Kalista,Ryze,Rek'Sai	Sivir	Maokai,Azir	Gragas,Annie	Janna,Kog'Maw	Gnar,Lee Sin	Viktor	2	5.13		CBqIvw2D9Ag	NA
9	3	T8	C9	Karma,Nidalee,Sivir	Ryze,Kalista,Azir	Tristana	Gragas,Orianna	Shen,Alistar	Maokai,Braum	Shyvana,Ashe	Lulu	2	5.13		kDhREcsHcf4	NA
9	3	TIP	GV	Rumble,Thresh,Kalista	Ryze,Shen,Azir	Nidalee	Kog'Maw,Alistar	Gnar,Orianna	Maokai,Sivir	Rengar,Braum	Twisted Fate	1	5.13		L4HRM0rCEnI	NA
9	3	TL	CLG	Olaf,Gragas,Alistar	Ryze,Azir,Annie	Kalista	Maokai,Nidalee	Viktor,Thresh	Sivir,Janna	Fizz,Nautilus	Twisted Fate	1	5.13		lUsciYyoZrQ	NA