Week	Day	Team	Player	Role	Champ	Kills	Deaths	Assists	Region	W	L
1	1	FNC	Huni	Top	Gnar	2	0	9	EU	1	0
1	1	FNC	Reignover	Jungle	Gragas	1	1	14	EU	1	0
1	1	FNC	Febiven	Mid	LeBlanc	4	2	6	EU	1	0
1	1	FNC	Rekkles	ADC	Ashe	7	0	3	EU	1	0
1	1	FNC	YellOwStaR	Support	Alistar	1	1	13	EU	1	0
1	1	OG	Soaz	Top	Rumble	1	2	12	EU	1	0
1	1	OG	Amazing	Jungle	Evelynn	5	2	8	EU	1	0
1	1	OG	xPeke	Mid	Morgana	5	0	7	EU	1	0
1	1	OG	Niels	ADC	Kalista	7	2	6	EU	1	0
1	1	OG	Mithy	Support	Alistar	0	1	16	EU	1	0
1	1	H2K	Odoamne	Top	Gnar	5	1	11	EU	1	0
1	1	H2K	Loulex	Jungle	Rek'Sai	1	2	12	EU	1	0
1	1	H2K	Ryu	Mid	Fizz	7	1	4	EU	1	0
1	1	H2K	Hjarnan	ADC	Kalista	6	1	7	EU	1	0
1	1	H2K	kaSing	Support	Morgana	4	1	13	EU	1	0
1	1	UOL	Vizicsacsi	Top	Maokai	1	5	3	EU	0	1
1	1	UOL	Kikis	Jungle	Nunu	0	5	2	EU	0	1
1	1	UOL	PowerOfEvil	Mid	Kog'Maw	1	1	2	EU	0	1
1	1	UOL	Vardags	ADC	Kalista	0	1	2	EU	0	1
1	1	UOL	Hylissang	Support	Annie	2	3	2	EU	0	1
1	1	GMB	Cabochard	Top	Gnar	0	4	3	EU	0	1
1	1	GMB	Diamond	Jungle	Evelynn	1	9	1	EU	0	1
1	1	GMB	Betsy	Mid	Azir	1	8	2	EU	0	1
1	1	GMB	Forg1ven	ADC	Lucian	2	4	2	EU	0	1
1	1	GMB	Gosu Pepper	Support	Thresh	0	1	4	EU	0	1
1	1	SK	Fredy122	Top	Gnar	1	5	0	EU	0	1
1	1	SK	Svenskeren	Jungle	Lee Sin	0	4	1	EU	0	1
1	1	SK	Fox	Mid	Kassadin	1	2	0	EU	0	1
1	1	SK	CandyPanda	ADC	Lucian	0	5	0	EU	0	1
1	1	SK	nRated	Support	Alistar	0	4	0	EU	0	1
1	1	CW	YoungBuck	Top	Maokai	2	0	13	EU	1	0
1	1	CW	Airwaks	Jungle	Evelynn	7	1	9	EU	1	0
1	1	CW	Soren	Mid	Azir	3	0	6	EU	1	0
1	1	CW	Freeze	ADC	Draven	8	0	5	EU	1	0
1	1	CW	Unlimited	Support	Morgana	0	1	14	EU	1	0
1	1	GIA	Werlyb	Top	Gnar	2	3	3	EU	0	1
1	1	GIA	Fr3deric	Jungle	Sejuani	0	4	6	EU	0	1
1	1	GIA	PePiiNeRo	Mid	LeBlanc	4	4	1	EU	0	1
1	1	GIA	Adryh	ADC	Ashe	1	4	3	EU	0	1
1	1	GIA	GoDFRED	Support	Thresh	0	3	6	EU	0	1
1	1	ROC	Steve	Top	Hecarim	1	8	2	EU	0	1
1	1	ROC	Jankos	Jungle	Gragas	0	3	4	EU	0	1
1	1	ROC	Nukeduck	Mid	Cassiopeia	2	4	3	EU	0	1
1	1	ROC	Woolite	ADC	Lucian	2	6	2	EU	0	1
1	1	ROC	Vander	Support	Lulu	0	2	4	EU	0	1
1	1	EL	Jwaow	Top	Maokai	3	0	16	EU	1	0
1	1	EL	Dexter	Jungle	Sejuani	9	0	11	EU	1	0
1	1	EL	Froggen	Mid	Vladimir	6	3	14	EU	1	0
1	1	EL	Tabzz	ADC	Urgot	8	0	10	EU	1	0
1	1	EL	promisQ	Support	Alistar	0	1	20	EU	1	0
1	2	FNC	Huni	Top	Gnar	2	4	6	EU	1	0
1	2	FNC	Reignover	Jungle	Rek'Sai	3	2	15	EU	1	0
1	2	FNC	Febiven	Mid	Cassiopeia	11	5	6	EU	1	0
1	2	FNC	Rekkles	ADC	Ashe	7	1	12	EU	1	0
1	2	FNC	YellOwStaR	Support	Alistar	1	2	14	EU	1	0
1	2	OG	Soaz	Top	Rumble	4	2	9	EU	1	0
1	2	OG	Amazing	Jungle	Gragas	3	0	9	EU	1	0
1	2	OG	xPeke	Mid	LeBlanc	5	1	6	EU	1	0
1	2	OG	Niels	ADC	Vayne	7	0	8	EU	1	0
1	2	OG	Mithy	Support	Annie	1	2	11	EU	1	0
1	2	H2K	Odoamne	Top	Maokai	0	4	2	EU	0	1
1	2	H2K	Loulex	Jungle	Evelynn	1	8	2	EU	0	1
1	2	H2K	Ryu	Mid	Kassadin	1	2	0	EU	0	1
1	2	H2K	Hjarnan	ADC	Sivir	3	4	1	EU	0	1
1	2	H2K	kaSing	Support	Janna	0	2	3	EU	0	1
1	2	UOL	Vizicsacsi	Top	Maokai	2	1	11	EU	1	0
1	2	UOL	Kikis	Jungle	Gragas	4	2	6	EU	1	0
1	2	UOL	PowerOfEvil	Mid	Kog'Maw	3	0	8	EU	1	0
1	2	UOL	Vardags	ADC	Urgot	4	2	4	EU	1	0
1	2	UOL	Hylissang	Support	Annie	1	1	9	EU	1	0
1	2	GMB	Cabochard	Top	Jax	3	4	3	EU	0	1
1	2	GMB	Diamond	Jungle	Volibear	4	5	5	EU	0	1
1	2	GMB	Betsy	Mid	Viktor	2	4	4	EU	0	1
1	2	GMB	Forg1ven	ADC	Ezreal	3	2	6	EU	0	1
1	2	GMB	Gosu Pepper	Support	Thresh	1	7	9	EU	0	1
1	2	SK	Fredy122	Top	Maokai	0	7	8	EU	0	1
1	2	SK	Svenskeren	Jungle	Nidalee	1	5	8	EU	0	1
1	2	SK	Fox	Mid	Azir	4	6	8	EU	0	1
1	2	SK	CandyPanda	ADC	Kalista	8	3	4	EU	0	1
1	2	SK	nRated	Support	Bard	1	3	11	EU	0	1
1	2	CW	YoungBuck	Top	Rumble	4	4	11	EU	0	1
1	2	CW	Airwaks	Jungle	Gragas	2	4	12	EU	0	1
1	2	CW	Soren	Mid	Azir	2	4	11	EU	0	1
1	2	CW	Freeze	ADC	Urgot	11	2	4	EU	0	1
1	2	CW	Unlimited	Support	Nautilus	0	6	13	EU	0	1
1	2	GIA	Werlyb	Top	Gnar	0	4	10	EU	1	0
1	2	GIA	Fr3deric	Jungle	Jarvan IV	2	4	15	EU	1	0
1	2	GIA	PePiiNeRo	Mid	Xerath	5	4	7	EU	1	0
1	2	GIA	Adryh	ADC	Kalista	11	3	8	EU	1	0
1	2	GIA	GoDFRED	Support	Morgana	2	4	16	EU	1	0
1	2	ROC	Steve	Top	Maokai	1	4	15	EU	1	0
1	2	ROC	Jankos	Jungle	Lee Sin	5	2	7	EU	1	0
1	2	ROC	Nukeduck	Mid	Azir	4	0	11	EU	1	0
1	2	ROC	Woolite	ADC	Kog'Maw	7	5	6	EU	1	0
1	2	ROC	Vander	Support	Alistar	5	2	13	EU	1	0
1	2	EL	Jwaow	Top	Rumble	2	4	3	EU	0	1
1	2	EL	Dexter	Jungle	Rek'Sai	1	2	3	EU	0	1
1	2	EL	Froggen	Mid	Viktor	1	4	3	EU	0	1
1	2	EL	Tabzz	ADC	Sivir	2	1	4	EU	0	1
1	2	EL	promisQ	Support	Nautilus	0	3	4	EU	0	1
2	1	FNC	Huni	Top	Ryze	6	8	10	EU	1	0
2	1	FNC	Reignover	Jungle	Evelynn	1	4	9	EU	1	0
2	1	FNC	Febiven	Mid	Azir	2	5	10	EU	1	0
2	1	FNC	Rekkles	ADC	Ezreal	8	2	2	EU	1	0
2	1	FNC	YellOwStaR	Support	Nautilus	3	2	9	EU	1	0
2	1	OG	Soaz	Top	Rumble	8	1	20	EU	1	0
2	1	OG	Amazing	Jungle	Sejuani	9	3	22	EU	1	0
2	1	OG	xPeke	Mid	Vladimir	6	2	15	EU	1	0
2	1	OG	Niels	ADC	Urgot	14	1	18	EU	1	0
2	1	OG	Mithy	Support	Thresh	0	3	31	EU	1	0
2	1	H2K	Odoamne	Top	Rumble	7	2	6	EU	1	0
2	1	H2K	Loulex	Jungle	Rek'Sai	0	0	11	EU	1	0
2	1	H2K	Ryu	Mid	LeBlanc	5	1	8	EU	1	0
2	1	H2K	Hjarnan	ADC	Kalista	10	1	4	EU	1	0
2	1	H2K	kaSing	Support	Thresh	0	1	12	EU	1	0
2	1	UOL	Vizicsacsi	Top	Ryze	5	1	7	EU	1	0
2	1	UOL	Kikis	Jungle	Gragas	1	0	10	EU	1	0
2	1	UOL	PowerOfEvil	Mid	Cassiopeia	7	0	4	EU	1	0
2	1	UOL	Vardags	ADC	Sivir	3	1	11	EU	1	0
2	1	UOL	Hylissang	Support	Morgana	0	1	13	EU	1	0
2	1	GMB	Cabochard	Top	Gragas	3	6	1	EU	0	1
2	1	GMB	Diamond	Jungle	Volibear	0	4	2	EU	0	1
2	1	GMB	Betsy	Mid	Fizz	2	2	1	EU	0	1
2	1	GMB	Forg1ven	ADC	Ashe	0	5	3	EU	0	1
2	1	GMB	Gosu Pepper	Support	Lulu	0	5	4	EU	0	1
2	1	SK	Fredy122	Top	Maokai	0	11	5	EU	0	1
2	1	SK	Svenskeren	Jungle	Evelynn	1	10	6	EU	0	1
2	1	SK	Fox	Mid	Azir	4	7	2	EU	0	1
2	1	SK	CandyPanda	ADC	Kalista	3	3	2	EU	0	1
2	1	SK	nRated	Support	Nautilus	0	6	5	EU	0	1
2	1	CW	YoungBuck	Top	Maokai	0	6	2	EU	0	1
2	1	CW	Airwaks	Jungle	Evelynn	2	4	1	EU	0	1
2	1	CW	Soren	Mid	Kassadin	0	3	0	EU	0	1
2	1	CW	Freeze	ADC	Lucian	0	0	3	EU	0	1
2	1	CW	Unlimited	Support	Bard	1	3	0	EU	0	1
2	1	GIA	Werlyb	Top	Maokai	4	2	21	EU	1	0
2	1	GIA	Fr3deric	Jungle	Evelynn	6	3	18	EU	1	0
2	1	GIA	PePiiNeRo	Mid	Diana	12	4	9	EU	1	0
2	1	GIA	Adryh	ADC	Sivir	7	0	13	EU	1	0
2	1	GIA	GoDFRED	Support	Morgana	1	1	19	EU	1	0
2	1	ROC	Steve	Top	Maokai	7	10	8	EU	0	1
2	1	ROC	Jankos	Jungle	Gragas	4	0	14	EU	0	1
2	1	ROC	Nukeduck	Mid	Irelia	2	5	8	EU	0	1
2	1	ROC	Woolite	ADC	Urgot	6	3	7	EU	0	1
2	1	ROC	Vander	Support	Morgana	2	1	12	EU	0	1
2	1	EL	Jwaow	Top	Hecarim	3	6	4	EU	0	1
2	1	EL	Dexter	Jungle	Sejuani	1	6	8	EU	0	1
2	1	EL	Froggen	Mid	Viktor	1	8	6	EU	0	1
2	1	EL	Tabzz	ADC	Kog'Maw	4	3	2	EU	0	1
2	1	EL	promisQ	Support	Alistar	1	7	4	EU	0	1
2	2	FNC	Huni	Top	Cho'Gath	2	1	14	EU	1	0
2	2	FNC	Reignover	Jungle	Rek'Sai	2	0	10	EU	1	0
2	2	FNC	Febiven	Mid	Azir	5	1	4	EU	1	0
2	2	FNC	Rekkles	ADC	Ezreal	5	3	6	EU	1	0
2	2	FNC	YellOwStaR	Support	Morgana	0	1	10	EU	1	0
2	2	OG	Soaz	Top	Hecarim	5	2	4	EU	1	0
2	2	OG	Amazing	Jungle	Gragas	4	0	5	EU	1	0
2	2	OG	xPeke	Mid	Vladimir	4	0	0	EU	1	0
2	2	OG	Niels	ADC	Kalista	3	0	8	EU	1	0
2	2	OG	Mithy	Support	Thresh	0	0	10	EU	1	0
2	2	H2K	Odoamne	Top	Rumble	6	0	5	EU	1	0
2	2	H2K	Loulex	Jungle	Rek'Sai	2	0	10	EU	1	0
2	2	H2K	Ryu	Mid	Orianna	2	1	7	EU	1	0
2	2	H2K	Hjarnan	ADC	Sivir	5	2	5	EU	1	0
2	2	H2K	kaSing	Support	Thresh	1	2	10	EU	1	0
2	2	UOL	Vizicsacsi	Top	Nocturne	3	6	4	EU	1	0
2	2	UOL	Kikis	Jungle	Gragas	2	4	12	EU	1	0
2	2	UOL	PowerOfEvil	Mid	Kog'Maw	2	3	7	EU	1	0
2	2	UOL	Vardags	ADC	Sivir	7	2	9	EU	1	0
2	2	UOL	Hylissang	Support	Annie	3	6	13	EU	1	0
2	2	GMB	Cabochard	Top	Ryze	0	4	3	EU	0	1
2	2	GMB	Diamond	Jungle	Gragas	2	2	3	EU	0	1
2	2	GMB	Betsy	Mid	Ahri	3	4	0	EU	0	1
2	2	GMB	Forg1ven	ADC	Sivir	1	2	1	EU	0	1
2	2	GMB	Gosu Pepper	Support	Alistar	0	3	4	EU	0	1
2	2	SK	Fredy122	Top	Rumble	1	4	4	EU	0	1
2	2	SK	Svenskeren	Jungle	Sejuani	2	6	2	EU	0	1
2	2	SK	Fox	Mid	Zed	1	3	5	EU	0	1
2	2	SK	CandyPanda	ADC	Sivir	4	2	3	EU	0	1
2	2	SK	nRated	Support	Alistar	0	2	5	EU	0	1
2	2	CW	YoungBuck	Top	Maokai	1	1	0	EU	0	1
2	2	CW	Airwaks	Jungle	Evelynn	1	7	0	EU	0	1
2	2	CW	Soren	Mid	Azir	0	0	1	EU	0	1
2	2	CW	Freeze	ADC	Ashe	0	3	1	EU	0	1
2	2	CW	Unlimited	Support	Morgana	0	5	1	EU	0	1
2	2	GIA	Werlyb	Top	Jax	8	1	1	EU	1	0
2	2	GIA	Fr3deric	Jungle	Evelynn	3	1	5	EU	1	0
2	2	GIA	PePiiNeRo	Mid	Kog'Maw	2	1	10	EU	1	0
2	2	GIA	Adryh	ADC	Ezreal	4	3	8	EU	1	0
2	2	GIA	GoDFRED	Support	Morgana	0	2	10	EU	1	0
2	2	ROC	Steve	Top	Maokai	2	5	10	EU	0	1
2	2	ROC	Jankos	Jungle	Rek'Sai	4	1	2	EU	0	1
2	2	ROC	Nukeduck	Mid	LeBlanc	7	3	5	EU	0	1
2	2	ROC	Woolite	ADC	Lucian	7	4	7	EU	0	1
2	2	ROC	Vander	Support	Thresh	1	4	11	EU	0	1
2	2	EL	Jwaow	Top	Gnar	0	4	1	EU	0	1
2	2	EL	Dexter	Jungle	Gragas	1	4	4	EU	0	1
2	2	EL	Froggen	Mid	Kassadin	2	1	1	EU	0	1
2	2	EL	Tabzz	ADC	Lucian	1	3	3	EU	0	1
2	2	EL	promisQ	Support	Janna	1	4	3	EU	0	1
3	1	FNC	Huni	Top	Hecarim	9	3	8	EU	1	0
3	1	FNC	Reignover	Jungle	Rek'Sai	2	2	11	EU	1	0
3	1	FNC	Febiven	Mid	Azir	3	1	9	EU	1	0
3	1	FNC	Rekkles	ADC	Kalista	7	1	9	EU	1	0
3	1	FNC	YellOwStaR	Support	Morgana	0	2	18	EU	1	0
3	1	OG	Soaz	Top	Fizz	6	1	9	EU	1	0
3	1	OG	Amazing	Jungle	Gragas	5	1	15	EU	1	0
3	1	OG	xPeke	Mid	Orianna	4	1	13	EU	1	0
3	1	OG	Niels	ADC	Sivir	6	0	10	EU	1	0
3	1	OG	Mithy	Support	Nautilus	1	1	15	EU	1	0
3	1	H2K	Odoamne	Top	Rumble	6	8	11	EU	1	0
3	1	H2K	Loulex	Jungle	Gragas	3	3	11	EU	1	0
3	1	H2K	Ryu	Mid	Twisted Fate	3	2	17	EU	1	0
3	1	H2K	Hjarnan	ADC	Sivir	13	0	12	EU	1	0
3	1	H2K	kaSing	Support	Annie	1	4	21	EU	1	0
3	1	UOL	Vizicsacsi	Top	Ryze	1	5	3	EU	0	1
3	1	UOL	Kikis	Jungle	Rek'Sai	0	3	2	EU	0	1
3	1	UOL	PowerOfEvil	Mid	Cassiopeia	1	4	1	EU	0	1
3	1	UOL	Vardags	ADC	Kalista	2	6	0	EU	0	1
3	1	UOL	Hylissang	Support	Thresh	0	4	2	EU	0	1
3	1	GMB	Cabochard	Top	Gragas	5	2	6	EU	1	0
3	1	GMB	Diamond	Jungle	Rek'Sai	1	2	5	EU	1	0
3	1	GMB	Betsy	Mid	Azir	5	1	3	EU	1	0
3	1	GMB	Forg1ven	ADC	Corki	3	1	2	EU	1	0
3	1	GMB	Gosu Pepper	Support	Nautilus	1	2	3	EU	1	0
3	1	SK	Fredy122	Top	Dr.Mundo	3	5	4	EU	0	1
3	1	SK	Svenskeren	Jungle	Rek'Sai	4	5	8	EU	0	1
3	1	SK	Fox	Mid	Viktor	6	4	3	EU	0	1
3	1	SK	CandyPanda	ADC	Vayne	3	9	4	EU	0	1
3	1	SK	nRated	Support	Janna	0	3	10	EU	0	1
3	1	CW	YoungBuck	Top	Rumble	2	5	0	EU	0	1
3	1	CW	Airwaks	Jungle	Ekko	3	2	3	EU	0	1
3	1	CW	Soren	Mid	Kog'Maw	1	2	1	EU	0	1
3	1	CW	Freeze	ADC	Lucian	2	2	3	EU	0	1
3	1	CW	Unlimited	Support	Alistar	0	4	4	EU	0	1
3	1	GIA	Werlyb	Top	Jax	3	0	7	EU	1	0
3	1	GIA	Fr3deric	Jungle	Evelynn	1	3	5	EU	1	0
3	1	GIA	PePiiNeRo	Mid	Varus	4	0	6	EU	1	0
3	1	GIA	Adryh	ADC	Ezreal	6	1	7	EU	1	0
3	1	GIA	GoDFRED	Support	Morgana	1	4	11	EU	1	0
3	1	ROC	Steve	Top	Rumble	2	4	3	EU	0	1
3	1	ROC	Jankos	Jungle	Lee Sin	4	2	1	EU	0	1
3	1	ROC	Nukeduck	Mid	Azir	0	1	4	EU	0	1
3	1	ROC	Woolite	ADC	Kog'Maw	2	3	2	EU	0	1
3	1	ROC	Vander	Support	Alistar	0	5	5	EU	0	1
3	1	EL	Jwaow	Top	Fizz	0	6	3	EU	0	1
3	1	EL	Dexter	Jungle	Gragas	1	4	6	EU	0	1
3	1	EL	Froggen	Mid	Ekko	4	1	4	EU	0	1
3	1	EL	Tabzz	ADC	Vayne	2	5	2	EU	0	1
3	1	EL	promisQ	Support	Bard	2	5	5	EU	0	1
3	2	FNC	Huni	Top	Ekko	7	1	7	EU	1	0
3	2	FNC	Reignover	Jungle	Rek'Sai	6	1	5	EU	1	0
3	2	FNC	Febiven	Mid	LeBlanc	3	1	10	EU	1	0
3	2	FNC	Rekkles	ADC	Sivir	2	1	5	EU	1	0
3	2	FNC	YellOwStaR	Support	Leona	1	0	8	EU	1	0
3	2	OG	Soaz	Top	Fizz	1	2	2	EU	0	1
3	2	OG	Amazing	Jungle	Evelynn	0	4	4	EU	0	1
3	2	OG	xPeke	Mid	Vladimir	2	4	1	EU	0	1
3	2	OG	Niels	ADC	Lucian	1	3	2	EU	0	1
3	2	OG	Mithy	Support	Alistar	1	4	1	EU	0	1
3	2	H2K	Odoamne	Top	Rumble	6	4	9	EU	1	0
3	2	H2K	Loulex	Jungle	Gragas	2	2	13	EU	1	0
3	2	H2K	Ryu	Mid	Lulu	8	2	11	EU	1	0
3	2	H2K	Hjarnan	ADC	Jinx	4	0	12	EU	1	0
3	2	H2K	kaSing	Support	Thresh	2	0	14	EU	1	0
3	2	UOL	Vizicsacsi	Top	Maokai	2	4	5	EU	0	1
3	2	UOL	Kikis	Jungle	Ekko	1	4	5	EU	0	1
3	2	UOL	PowerOfEvil	Mid	Orianna	2	3	4	EU	0	1
3	2	UOL	Vardags	ADC	Sivir	1	3	1	EU	0	1
3	2	UOL	Hylissang	Support	Annie	2	6	3	EU	0	1
3	2	GMB	Cabochard	Top	Hecarim	8	1	5	EU	1	0
3	2	GMB	Diamond	Jungle	Rek'Sai	3	4	9	EU	1	0
3	2	GMB	Betsy	Mid	Lulu	3	0	10	EU	1	0
3	2	GMB	Forg1ven	ADC	Corki	3	0	8	EU	1	0
3	2	GMB	Gosu Pepper	Support	Taric	0	4	10	EU	1	0
3	2	SK	Fredy122	Top	Shyvana	3	5	2	EU	0	1
3	2	SK	Svenskeren	Jungle	Gragas	2	4	7	EU	0	1
3	2	SK	Fox	Mid	Vladimir	2	1	1	EU	0	1
3	2	SK	CandyPanda	ADC	Kalista	1	2	5	EU	0	1
3	2	SK	nRated	Support	Alistar	1	5	7	EU	0	1
3	2	CW	YoungBuck	Top	Vladimir	3	1	4	EU	1	0
3	2	CW	Airwaks	Jungle	Rek'Sai	1	1	8	EU	1	0
3	2	CW	Soren	Mid	Azir	2	1	3	EU	1	0
3	2	CW	Freeze	ADC	Kalista	5	0	5	EU	1	0
3	2	CW	Unlimited	Support	Morgana	0	2	8	EU	1	0
3	2	GIA	Werlyb	Top	Renekton	0	2	0	EU	0	1
3	2	GIA	Fr3deric	Jungle	Gragas	1	7	0	EU	0	1
3	2	GIA	Adryh	Mid	Lulu	1	5	0	EU	0	1
3	2	GIA	PePiiNeRo	ADC	Lucian	2	3	0	EU	0	1
3	2	GIA	GoDFRED	Support	Nautilus	0	2	2	EU	0	1
3	2	ROC	Steve	Top	Rumble	1	0	8	EU	1	0
3	2	ROC	Jankos	Jungle	Lee Sin	3	3	8	EU	1	0
3	2	ROC	Nukeduck	Mid	Azir	7	0	5	EU	1	0
3	2	ROC	Woolite	ADC	Sivir	6	1	10	EU	1	0
3	2	ROC	Vander	Support	Nautilus	0	1	8	EU	1	0
3	2	EL	Jwaow	Top	Hecarim	1	2	2	EU	0	1
3	2	EL	Dexter	Jungle	Gragas	1	2	3	EU	0	1
3	2	EL	Froggen	Mid	Ekko	2	2	1	EU	0	1
3	2	EL	Tabzz	ADC	Ashe	0	4	4	EU	0	1
3	2	EL	promisQ	Support	Thresh	1	1	3	EU	0	1
4	1	FNC	Huni	Top	Ekko	5	3	4	EU	1	0
4	1	FNC	Reignover	Jungle	Olaf	2	2	5	EU	1	0
4	1	FNC	Febiven	Mid	Viktor	4	1	9	EU	1	0
4	1	FNC	Rekkles	ADC	Kalista	8	0	9	EU	1	0
4	1	FNC	YellOwStaR	Support	Janna	0	0	16	EU	1	0
4	1	OG	Soaz	Top	Hecarim	0	5	1	EU	0	1
4	1	OG	Amazing	Jungle	Gragas	0	4	4	EU	0	1
4	1	OG	xPeke	Mid	Azir	0	3	4	EU	0	1
4	1	OG	Niels	ADC	Sivir	6	3	0	EU	0	1
4	1	OG	Mithy	Support	Annie	0	4	5	EU	0	1
4	1	H2K	Odoamne	Top	Gnar	2	1	5	EU	1	0
4	1	H2K	Loulex	Jungle	Rek'Sai	4	0	8	EU	1	0
4	1	H2K	Ryu	Mid	Lulu	2	1	4	EU	1	0
4	1	H2K	Hjarnan	ADC	Jinx	4	1	6	EU	1	0
4	1	H2K	kaSing	Support	Thresh	1	0	11	EU	1	0
4	1	UOL	Vizicsacsi	Top	Shen	5	4	10	EU	0	1
4	1	UOL	Kikis	Jungle	Lee Sin	5	3	10	EU	0	1
4	1	UOL	PowerOfEvil	Mid	Orianna	6	4	6	EU	0	1
4	1	UOL	Vardags	ADC	Kalista	3	3	9	EU	0	1
4	1	UOL	Hylissang	Support	Alistar	0	3	16	EU	0	1
4	1	GMB	Cabochard	Top	Fizz	8	1	4	EU	1	0
4	1	GMB	Diamond	Jungle	Nidalee	0	2	3	EU	1	0
4	1	GMB	Betsy	Mid	Lulu	2	1	8	EU	1	0
4	1	GMB	Forg1ven	ADC	Corki	2	1	6	EU	1	0
4	1	GMB	Gosu Pepper	Support	Bard	1	3	5	EU	1	0
4	1	SK	Fredy122	Top	Gnar	5	4	9	EU	1	0
4	1	SK	Svenskeren	Jungle	Ekko	4	4	8	EU	1	0
4	1	SK	Fox	Mid	Cassiopeia	5	3	7	EU	1	0
4	1	SK	CandyPanda	ADC	Caitlyn	2	5	7	EU	1	0
4	1	SK	nRated	Support	Lulu	1	3	10	EU	1	0
4	1	CW	YoungBuck	Top	Ryze	0	3	1	EU	0	1
4	1	CW	Airwaks	Jungle	Ekko	1	1	1	EU	0	1
4	1	CW	Soren	Mid	Jayce	1	3	0	EU	0	1
4	1	CW	Freeze	ADC	Caitlyn	1	3	0	EU	0	1
4	1	CW	Unlimited	Support	Alistar	0	3	2	EU	0	1
4	1	GIA	Werlyb	Top	Rumble	1	5	2	EU	0	1
4	1	GIA	Fr3deric	Jungle	Rek'Sai	1	2	3	EU	0	1
4	1	GIA	PePiiNeRo	Mid	Diana	2	2	2	EU	0	1
4	1	GIA	Adryh	ADC	Kalista	3	3	2	EU	0	1
4	1	GIA	GoDFRED	Support	Alistar	1	1	4	EU	0	1
4	1	ROC	Steve	Top	Fizz	0	4	1	EU	0	1
4	1	ROC	Jankos	Jungle	Rek'Sai	1	3	1	EU	0	1
4	1	ROC	Nukeduck	Mid	Lulu	0	3	1	EU	0	1
4	1	ROC	MrRallez	ADC	Corki	1	1	1	EU	0	1
4	1	ROC	Vander	Support	Bard	0	0	2	EU	0	1
4	1	EL	Jwaow	Top	Hecarim	2	0	8	EU	1	0
4	1	EL	Dexter	Jungle	Gragas	1	0	6	EU	1	0
4	1	EL	Froggen	Mid	Vladimir	7	0	3	EU	1	0
4	1	EL	Tabzz	ADC	Sivir	1	1	9	EU	1	0
4	1	EL	promisQ	Support	Alistar	0	1	11	EU	1	0
4	2	FNC	Huni	Top	Lulu	3	1	10	EU	1	0
4	2	FNC	Reignover	Jungle	Olaf	6	2	8	EU	1	0
4	2	FNC	Febiven	Mid	Viktor	8	1	6	EU	1	0
4	2	FNC	Rekkles	ADC	Sivir	5	0	9	EU	1	0
4	2	FNC	YellOwStaR	Support	Alistar	0	0	12	EU	1	0
4	2	OG	Soaz	Top	Fizz	6	2	11	EU	1	0
4	2	OG	Amazing	Jungle	Nunu	1	4	17	EU	1	0
4	2	OG	xPeke	Mid	Vladimir	6	1	11	EU	1	0
4	2	OG	Niels	ADC	Sivir	6	3	14	EU	1	0
4	2	OG	Mithy	Support	Annie	3	3	14	EU	1	0
4	2	H2K	Odoamne	Top	Gnar	4	2	13	EU	1	0
4	2	H2K	Loulex	Jungle	Gragas	1	1	9	EU	1	0
4	2	H2K	Ryu	Mid	Fizz	6	0	5	EU	1	0
4	2	H2K	Hjarnan	ADC	Sivir	7	2	11	EU	1	0
4	2	H2K	kaSing	Support	Alistar	3	0	17	EU	1	0
4	2	UOL	Vizicsacsi	Top	Shen	0	0	7	EU	1	0
4	2	UOL	Kikis	Jungle	Nidalee	6	0	5	EU	1	0
4	2	UOL	PowerOfEvil	Mid	Orianna	1	0	8	EU	1	0
4	2	UOL	Vardags	ADC	Sivir	4	0	4	EU	1	0
4	2	UOL	Hylissang	Support	Alistar	0	2	6	EU	1	0
4	2	GMB	Cabochard	Top	Hecarim	0	1	1	EU	0	1
4	2	GMB	Diamond	Jungle	Rek'Sai	0	4	1	EU	0	1
4	2	GMB	Betsy	Mid	Lulu	1	4	0	EU	0	1
4	2	GMB	Forg1ven	ADC	Lucian	1	1	0	EU	0	1
4	2	GMB	Gosu Pepper	Support	Bard	0	1	2	EU	0	1
4	2	SK	Fredy122	Top	Shen	2	0	12	EU	1	0
4	2	SK	Svenskeren	Jungle	Lee Sin	3	1	13	EU	1	0
4	2	SK	Fox	Mid	Cassiopeia	8	2	4	EU	1	0
4	2	SK	CandyPanda	ADC	Vayne	7	2	6	EU	1	0
4	2	SK	nRated	Support	Lulu	0	0	14	EU	1	0
4	2	CW	YoungBuck	Top	Vladimir	1	6	1	EU	0	1
4	2	CW	Airwaks	Jungle	Ekko	2	4	1	EU	0	1
4	2	CW	Soren	Mid	Jayce	0	3	2	EU	0	1
4	2	CW	Freeze	ADC	Caitlyn	1	3	0	EU	0	1
4	2	CW	Unlimited	Support	Morgana	0	6	2	EU	0	1
4	2	GIA	Werlyb	Top	Ekko	3	6	2	EU	0	1
4	2	GIA	Fr3deric	Jungle	Evelynn	0	4	4	EU	0	1
4	2	GIA	PePiiNeRo	Mid	Ezreal	1	1	2	EU	0	1
4	2	GIA	Adryh	ADC	Vayne	1	5	3	EU	0	1
4	2	GIA	GoDFRED	Support	Thresh	0	5	5	EU	0	1
4	2	ROC	Steve	Top	Gnar	2	4	2	EU	0	1
4	2	ROC	Jankos	Jungle	Nidalee	2	3	0	EU	0	1
4	2	ROC	Nukeduck	Mid	Viktor	0	5	4	EU	0	1
4	2	ROC	MrRallez	ADC	Sivir	1	5	2	EU	0	1
4	2	ROC	Vander	Support	Alistar	0	3	4	EU	0	1
4	2	EL	Jwaow	Top	Hecarim	6	2	6	EU	0	1
4	2	EL	Dexter	Jungle	Rek'Sai	0	6	9	EU	0	1
4	2	EL	Froggen	Mid	Azir	6	4	3	EU	0	1
4	2	EL	Tabzz	ADC	Corki	1	4	8	EU	0	1
4	2	EL	promisQ	Support	Morgana	0	6	8	EU	0	1
5	1	FNC	Huni	Top	Ryze	6	3	6	EU	1	0
5	1	FNC	Reignover	Jungle	Olaf	4	3	9	EU	1	0
5	1	FNC	Febiven	Mid	Jayce	6	1	3	EU	1	0
5	1	FNC	Rekkles	ADC	Sivir	1	1	13	EU	1	0
5	1	FNC	YellOwStaR	Support	Janna	0	0	13	EU	1	0
5	1	OG	Soaz	Top	Lulu	1	0	15	EU	1	0
5	1	OG	Amazing	Jungle	Rek'Sai	3	1	13	EU	1	0
5	1	OG	xPeke	Mid	Vladimir	7	1	8	EU	1	0
5	1	OG	Niels	ADC	Kalista	9	0	6	EU	1	0
5	1	OG	Mithy	Support	Alistar	0	1	13	EU	1	0
5	1	H2K	Odoamne	Top	Rumble	1	5	4	EU	0	1
5	1	H2K	Loulex	Jungle	Rek'Sai	0	4	4	EU	0	1
5	1	H2K	Ryu	Mid	Varus	4	3	3	EU	0	1
5	1	H2K	Hjarnan	ADC	Corki	3	2	3	EU	0	1
5	1	H2K	kaSing	Support	Alistar	0	3	6	EU	0	1
5	1	UOL	Vizicsacsi	Top	Shen	1	1	9	EU	0	1
5	1	UOL	Kikis	Jungle	Lee Sin	2	2	6	EU	0	1
5	1	UOL	PowerOfEvil	Mid	Syndra	6	4	3	EU	0	1
5	1	UOL	Vardags	ADC	Jinx	5	2	4	EU	0	1
5	1	UOL	Hylissang	Support	Morgana	0	4	7	EU	0	1
5	1	GMB	Cabochard	Top	Hecarim	2	2	0	EU	0	1
5	1	GMB	Diamond	Jungle	Nidalee	1	8	1	EU	0	1
5	1	GMB	Betsy	Mid	Ahri	0	2	3	EU	0	1
5	1	GMB	Forg1ven	ADC	Corki	0	3	2	EU	0	1
5	1	GMB	Gosu Pepper	Support	Taric	0	5	2	EU	0	1
5	1	SK	Fredy122	Top	Shen	0	2	14	EU	0	1
5	1	SK	Svenskeren	Jungle	Gragas	2	4	12	EU	0	1
5	1	SK	Fox	Mid	Ekko	6	2	5	EU	0	1
5	1	SK	CandyPanda	ADC	Sivir	8	3	7	EU	0	1
5	1	SK	nRated	Support	Morgana	1	4	14	EU	0	1
5	1	CW	YoungBuck	Top	Maokai	1	7	6	EU	0	1
5	1	CW	Shook	Jungle	Rek'Sai	2	1	6	EU	0	1
5	1	CW	Soren	Mid	Cassiopeia	4	6	1	EU	0	1
5	1	CW	Freeze	ADC	Sivir	3	1	4	EU	0	1
5	1	CW	Unlimited	Support	Alistar	0	5	6	EU	0	1
5	1	GIA	Werlyb	Top	Shyvana	2	1	6	EU	1	0
5	1	GIA	Fr3deric	Jungle	Wukong	0	5	8	EU	1	0
5	1	GIA	PePiiNeRo	Mid	Kog'Maw	3	1	8	EU	1	0
5	1	GIA	Adryh	ADC	Ezreal	7	3	4	EU	1	0
5	1	GIA	GoDFRED	Support	Janna	1	4	9	EU	1	0
5	1	ROC	Steve	Top	Ekko	5	4	8	EU	1	0
5	1	ROC	Jankos	Jungle	Gragas	3	3	14	EU	1	0
5	1	ROC	Nukeduck	Mid	Varus	5	1	9	EU	1	0
5	1	ROC	MrRallez	ADC	Kalista	7	1	2	EU	1	0
5	1	ROC	Vander	Support	Janna	0	1	13	EU	1	0
5	1	EL	Jwaow	Top	Gnar	2	3	11	EU	1	0
5	1	EL	Dexter	Jungle	Rek'Sai	1	5	9	EU	1	0
5	1	EL	Froggen	Mid	Kog'Maw	5	1	6	EU	1	0
5	1	EL	Tabzz	ADC	Kalista	5	4	7	EU	1	0
5	1	EL	promisQ	Support	Alistar	2	5	10	EU	1	0
5	2	FNC	Huni	Top	Ekko	7	2	3	EU	1	0
5	2	FNC	Reignover	Jungle	Gragas	2	4	10	EU	1	0
5	2	FNC	Febiven	Mid	Jayce	9	2	6	EU	1	0
5	2	FNC	Rekkles	ADC	Kalista	2	5	8	EU	1	0
5	2	FNC	YellOwStaR	Support	Janna	1	1	13	EU	1	0
5	2	OG	Soaz	Top	Ekko	2	0	0	EU	1	0
5	2	OG	Amazing	Jungle	Gragas	2	0	6	EU	1	0
5	2	OG	xPeke	Mid	Varus	2	1	4	EU	1	0
5	2	OG	Niels	ADC	Corki	2	0	4	EU	1	0
5	2	OG	Mithy	Support	Janna	1	0	8	EU	1	0
5	2	H2K	Odoamne	Top	Ryze	1	8	4	EU	0	1
5	2	H2K	Loulex	Jungle	Rek'Sai	0	6	4	EU	0	1
5	2	H2K	Ryu	Mid	Jayce	7	2	0	EU	0	1
5	2	H2K	Hjarnan	ADC	Corki	1	2	1	EU	0	1
5	2	H2K	kaSing	Support	Janna	0	1	7	EU	0	1
5	2	UOL	Vizicsacsi	Top	Maokai	0	1	7	EU	0	1
5	2	UOL	Kikis	Jungle	Gragas	4	4	3	EU	0	1
5	2	UOL	PowerOfEvil	Mid	Cassiopeia	0	2	2	EU	0	1
5	2	UOL	Vardags	ADC	Jinx	3	4	3	EU	0	1
5	2	UOL	Hylissang	Support	Alistar	0	3	6	EU	0	1
5	2	GMB	Cabochard	Top	Hecarim	5	2	4	EU	0	1
5	2	GMB	Diamond	Jungle	Lee Sin	2	4	6	EU	0	1
5	2	GMB	Betsy	Mid	Azir	7	5	2	EU	0	1
5	2	GMB	Forg1ven	ADC	Sivir	0	4	7	EU	0	1
5	2	GMB	Gosu Pepper	Support	Annie	0	6	6	EU	0	1
5	2	SK	Fredy122	Top	Gnar	5	1	6	EU	1	0
5	2	SK	Svenskeren	Jungle	Gragas	1	1	13	EU	1	0
5	2	SK	Fox	Mid	Azir	6	3	11	EU	1	0
5	2	SK	CandyPanda	ADC	Caitlyn	6	3	7	EU	1	0
5	2	SK	nRated	Support	Lulu	1	1	14	EU	1	0
5	2	CW	YoungBuck	Top	Lulu	1	4	0	EU	0	1
5	2	CW	Shook	Jungle	Rengar	0	1	1	EU	0	1
5	2	CW	Soren	Mid	Orianna	0	1	1	EU	0	1
5	2	CW	Freeze	ADC	Draven	0	1	0	EU	0	1
5	2	CW	Unlimited	Support	Alistar	0	2	0	EU	0	1
5	2	GIA	Werlyb	Top	Shyvana	2	3	4	EU	0	1
5	2	GIA	Fr3deric	Jungle	Rek'Sai	2	3	5	EU	0	1
5	2	GIA	PePiiNeRo	Mid	Orianna	3	2	2	EU	0	1
5	2	GIA	Adryh	ADC	Sivir	1	1	3	EU	0	1
5	2	GIA	GoDFRED	Support	Thresh	0	2	6	EU	0	1
5	2	ROC	Steve	Top	Ekko	3	2	7	EU	1	0
5	2	ROC	Jankos	Jungle	Rek'Sai	4	1	8	EU	1	0
5	2	ROC	Nukeduck	Mid	Varus	1	2	10	EU	1	0
5	2	ROC	MrRallez	ADC	Sivir	5	2	7	EU	1	0
5	2	ROC	Vander	Support	Janna	1	0	11	EU	1	0
5	2	EL	Jwaow	Top	Gnar	4	1	5	EU	1	0
5	2	EL	Dexter	Jungle	Gragas	2	1	8	EU	1	0
5	2	EL	Froggen	Mid	Azir	3	3	3	EU	1	0
5	2	EL	Tabzz	ADC	Corki	2	1	5	EU	1	0
5	2	EL	promisQ	Support	Alistar	0	2	7	EU	1	0
6	1	FNC	Huni	Top	Lulu	4	4	13	EU	1	0
6	1	FNC	Reignover	Jungle	Rek'Sai	3	4	8	EU	1	0
6	1	FNC	Febiven	Mid	Azir	1	4	11	EU	1	0
6	1	FNC	Rekkles	ADC	Kalista	13	3	4	EU	1	0
6	1	FNC	YellOwStaR	Support	Janna	0	2	20	EU	1	0
6	1	OG	Soaz	Top	Ekko	1	6	2	EU	0	1
6	1	OG	Amazing	Jungle	Lee Sin	1	5	3	EU	0	1
6	1	OG	xPeke	Mid	Jayce	3	1	4	EU	0	1
6	1	OG	Niels	ADC	Vayne	2	2	2	EU	0	1
6	1	OG	Mithy	Support	Alistar	1	4	5	EU	0	1
6	1	H2K	Odoamne	Top	Gnar	2	0	7	EU	1	0
6	1	H2K	Loulex	Jungle	Gragas	2	3	8	EU	1	0
6	1	H2K	Ryu	Mid	Orianna	2	1	6	EU	1	0
6	1	H2K	Hjarnan	ADC	Jinx	7	1	6	EU	1	0
6	1	H2K	kaSing	Support	Thresh	2	1	9	EU	1	0
6	1	UOL	Vizicsacsi	Top	Ryze	5	1	9	EU	1	0
6	1	UOL	Kikis	Jungle	Rek'Sai	2	2	10	EU	1	0
6	1	UOL	PowerOfEvil	Mid	Varus	5	3	8	EU	1	0
6	1	UOL	Vardags	ADC	Corki	5	0	10	EU	1	0
6	1	UOL	Hylissang	Support	Braum	1	2	12	EU	1	0
6	1	GMB	Cabochard	Top	Fizz	5	3	3	EU	1	0
6	1	GMB	Diamond	Jungle	Gragas	2	0	4	EU	1	0
6	1	GMB	Betsy	Mid	Jayce	2	1	8	EU	1	0
6	1	GMB	Forg1ven	ADC	Sivir	4	0	8	EU	1	0
6	1	GMB	Gosu Pepper	Support	Janna	0	1	11	EU	1	0
6	1	SK	Fredy122	Top	Shen	4	5	12	EU	0	1
6	1	SK	Svenskeren	Jungle	Ekko	6	4	11	EU	0	1
6	1	SK	Fox	Mid	Cassiopeia	3	6	7	EU	0	1
6	1	SK	CandyPanda	ADC	Tristana	5	2	11	EU	0	1
6	1	SK	nRated	Support	Morgana	1	3	14	EU	0	1
6	1	CW	Lenny	Top	Maokai	1	3	3	EU	0	1
6	1	CW	Shook	Jungle	Lee Sin	3	2	1	EU	0	1
6	1	CW	Soren	Mid	Varus	1	2	2	EU	0	1
6	1	CW	Freeze	ADC	Corki	0	1	4	EU	0	1
6	1	CW	Je Suis Kaas	Support	Morgana	0	5	2	EU	0	1
6	1	GIA	Werlyb	Top	Shen	2	4	13	EU	0	1
6	1	GIA	Fr3deric	Jungle	Gragas	2	6	11	EU	0	1
6	1	GIA	PePiiNeRo	Mid	Ezreal	8	2	7	EU	0	1
6	1	GIA	Adryh	ADC	Corki	5	4	5	EU	0	1
6	1	GIA	GoDFRED	Support	Alistar	0	5	12	EU	0	1
6	1	ROC	Steve	Top	Maokai	3	4	12	EU	1	0
6	1	ROC	Jankos	Jungle	Gragas	1	6	15	EU	1	0
6	1	ROC	Nukeduck	Mid	Varus	8	1	10	EU	1	0
6	1	ROC	MrRallez	ADC	Sivir	6	3	14	EU	1	0
6	1	ROC	Vander	Support	Nautilus	2	5	14	EU	1	0
6	1	EL	Jwaow	Top	Hecarim	1	3	3	EU	0	1
6	1	EL	Dexter	Jungle	Ekko	1	3	4	EU	0	1
6	1	EL	Froggen	Mid	Vladimir	2	2	2	EU	0	1
6	1	EL	Tabzz	ADC	Corki	2	1	2	EU	0	1
6	1	EL	promisQ	Support	Nautilus	0	6	4	EU	0	1
6	2	FNC	Huni	Top	Rumble	4	1	7	EU	1	0
6	2	FNC	Reignover	Jungle	Rek'Sai	2	1	8	EU	1	0
6	2	FNC	Febiven	Mid	Viktor	5	2	8	EU	1	0
6	2	FNC	Rekkles	ADC	Kalista	2	1	8	EU	1	0
6	2	FNC	YellOwStaR	Support	Thresh	3	0	9	EU	1	0
6	2	OG	Soaz	Top	Rumble	4	0	7	EU	1	0
6	2	OG	Amazing	Jungle	Ekko	2	1	9	EU	1	0
6	2	OG	xPeke	Mid	Varus	5	1	7	EU	1	0
6	2	OG	Niels	ADC	Corki	5	1	4	EU	1	0
6	2	OG	Mithy	Support	Thresh	2	0	12	EU	1	0
6	2	H2K	Odoamne	Top	Rumble	2	2	8	EU	1	0
6	2	H2K	Loulex	Jungle	Gragas	1	2	16	EU	1	0
6	2	H2K	Ryu	Mid	Jayce	13	1	6	EU	1	0
6	2	H2K	Hjarnan	ADC	Jinx	6	4	6	EU	1	0
6	2	H2K	kaSing	Support	Thresh	1	3	14	EU	1	0
6	2	UOL	Vizicsacsi	Top	Gnar	4	6	5	EU	0	1
6	2	UOL	Kikis	Jungle	Rek'Sai	4	5	5	EU	0	1
6	2	UOL	PowerOfEvil	Mid	Orianna	1	3	7	EU	0	1
6	2	UOL	Vardags	ADC	Corki	3	3	5	EU	0	1
6	2	UOL	Hylissang	Support	Braum	0	6	10	EU	0	1
6	2	GMB	Cabochard	Top	Shen	2	1	9	EU	1	0
6	2	GMB	Diamond	Jungle	Gragas	2	0	11	EU	1	0
6	2	GMB	Betsy	Mid	Jayce	8	1	7	EU	1	0
6	2	GMB	Forg1ven	ADC	Ezreal	2	1	11	EU	1	0
6	2	GMB	Gosu Pepper	Support	Alistar	1	2	7	EU	1	0
6	2	SK	Fredy122	Top	Shen	2	3	8	EU	0	1
6	2	SK	Svenskeren	Jungle	Rek'Sai	3	3	9	EU	0	1
6	2	SK	Fox	Mid	Jayce	8	5	4	EU	0	1
6	2	SK	CandyPanda	ADC	Kalista	3	3	10	EU	0	1
6	2	SK	nRated	Support	Nautilus	2	5	14	EU	0	1
6	2	CW	Lenny	Top	Shen	0	4	3	EU	0	1
6	2	CW	Shook	Jungle	Vi	0	3	5	EU	0	1
6	2	CW	Soren	Mid	Azir	3	3	1	EU	0	1
6	2	CW	Freeze	ADC	Sivir	1	2	2	EU	0	1
6	2	CW	Je Suis Kaas	Support	Alistar	1	4	3	EU	0	1
6	2	GIA	Werlyb	Top	Ryze	3	3	10	EU	1	0
6	2	GIA	Fr3deric	Jungle	Gragas	2	5	14	EU	1	0
6	2	GIA	PePiiNeRo	Mid	Ezreal	8	2	9	EU	1	0
6	2	GIA	Adryh	ADC	Urgot	6	5	10	EU	1	0
6	2	GIA	GoDFRED	Support	Janna	0	3	17	EU	1	0
6	2	ROC	Steve	Top	Maokai	1	3	3	EU	0	1
6	2	ROC	Jankos	Jungle	Rek'Sai	0	3	4	EU	0	1
6	2	ROC	Nukeduck	Mid	Azir	3	3	2	EU	0	1
6	2	ROC	MrRallez	ADC	Corki	0	2	1	EU	0	1
6	2	ROC	Vander	Support	Nautilus	1	4	2	EU	0	1
6	2	EL	Jwaow	Top	Gnar	0	2	1	EU	0	1
6	2	EL	Dexter	Jungle	Rek'Sai	0	3	3	EU	0	1
6	2	EL	Froggen	Mid	Vladimir	2	4	0	EU	0	1
6	2	EL	Tabzz	ADC	Kog'Maw	1	5	0	EU	0	1
6	2	EL	promisQ	Support	Alistar	0	4	2	EU	0	1
7	1	FNC	Huni	Top	Rumble	5	2	9	EU	1	0
7	1	FNC	Reignover	Jungle	Rengar	2	5	8	EU	1	0
7	1	FNC	Febiven	Mid	Jayce	5	0	5	EU	1	0
7	1	FNC	Rekkles	ADC	Corki	6	1	8	EU	1	0
7	1	FNC	YellOwStaR	Support	Alistar	0	1	17	EU	1	0
7	1	OG	Soaz	Top	Ryze	4	0	6	EU	1	0
7	1	OG	Amazing	Jungle	Rek'Sai	1	1	9	EU	1	0
7	1	OG	xPeke	Mid	Diana	5	1	1	EU	1	0
7	1	OG	Niels	ADC	Sivir	6	0	6	EU	1	0
7	1	OG	Mithy	Support	Nautilus	1	2	11	EU	1	0
7	1	H2K	Odoamne	Top	Gnar	4	4	5	EU	0	1
7	1	H2K	Loulex	Jungle	Gragas	1	5	5	EU	0	1
7	1	H2K	Ryu	Mid	Viktor	1	3	4	EU	0	1
7	1	H2K	Hjarnan	ADC	Lucian	1	2	3	EU	0	1
7	1	H2K	kaSing	Support	Shen	2	4	6	EU	0	1
7	1	UOL	Vizicsacsi	Top	Shen	5	1	10	EU	1	0
7	1	UOL	Kikis	Jungle	Lee Sin	4	1	12	EU	1	0
7	1	UOL	PowerOfEvil	Mid	Kog'Maw	7	0	10	EU	1	0
7	1	UOL	Vardags	ADC	Corki	3	1	6	EU	1	0
7	1	UOL	Hylissang	Support	Alistar	0	1	15	EU	1	0
7	1	GMB	Cabochard	Top	Yasuo	7	2	4	EU	1	0
7	1	GMB	Diamond	Jungle	Gragas	2	0	8	EU	1	0
7	1	GMB	Betsy	Mid	Orianna	1	1	4	EU	1	0
7	1	GMB	Forg1ven	ADC	Corki	3	0	6	EU	1	0
7	1	GMB	Gosu Pepper	Support	Alistar	0	0	12	EU	1	0
7	1	SK	Fredy122	Top	Nautilus	0	2	2	EU	0	1
7	1	SK	Svenskeren	Jungle	Ekko	0	5	2	EU	0	1
7	1	SK	Fox	Mid	Viktor	3	3	0	EU	0	1
7	1	SK	CandyPanda	ADC	Ezreal	0	1	1	EU	0	1
7	1	SK	nRated	Support	Lulu	0	2	1	EU	0	1
7	1	CW	Lenny	Top	Lulu	1	4	3	EU	0	1
7	1	CW	Airwaks	Jungle	Gragas	1	3	2	EU	0	1
7	1	CW	Soren	Mid	Viktor	2	4	1	EU	0	1
7	1	CW	Freeze	ADC	Graves	0	2	4	EU	0	1
7	1	CW	Je Suis Kaas	Support	Nautilus	0	6	4	EU	0	1
7	1	GIA	Werlyb	Top	Rumble	2	6	2	EU	0	1
7	1	GIA	Fr3deric	Jungle	Gragas	0	4	1	EU	0	1
7	1	GIA	PePiiNeRo	Mid	Yasuo	0	3	0	EU	0	1
7	1	GIA	Adryh	ADC	Tristana	1	4	0	EU	0	1
7	1	GIA	GoDFRED	Support	Janna	1	0	2	EU	0	1
7	1	ROC	Steve	Top	Ryze	2	5	5	EU	0	1
7	1	ROC	Jankos	Jungle	Ekko	1	4	5	EU	0	1
7	1	ROC	Nukeduck	Mid	Jayce	3	1	2	EU	0	1
7	1	ROC	MrRallez	ADC	Graves	3	2	5	EU	0	1
7	1	ROC	Vander	Support	Annie	0	1	6	EU	0	1
7	1	EL	Jwaow	Top	Nautilus	0	3	6	EU	1	0
7	1	EL	Dexter	Jungle	Evelynn	4	3	8	EU	1	0
7	1	EL	Froggen	Mid	Twisted Fate	3	1	6	EU	1	0
7	1	EL	Tabzz	ADC	Sivir	6	0	5	EU	1	0
7	1	EL	Nyph	Support	Thresh	0	2	8	EU	1	0
7	2	FNC	Huni	Top	Lulu	0	5	16	EU	1	0
7	2	FNC	Reignover	Jungle	Nunu	3	2	13	EU	1	0
7	2	FNC	Febiven	Mid	Viktor	11	2	6	EU	1	0
7	2	FNC	Rekkles	ADC	Kalista	6	1	7	EU	1	0
7	2	FNC	YellOwStaR	Support	Janna	0	2	18	EU	1	0
7	2	OG	Soaz	Top	Ryze	3	4	6	EU	0	1
7	2	OG	Amazing	Jungle	Gragas	3	5	5	EU	0	1
7	2	OG	xPeke	Mid	Twisted Fate	4	3	3	EU	0	1
7	2	OG	Niels	ADC	Corki	1	2	6	EU	0	1
7	2	OG	Mithy	Support	Nautilus	1	6	5	EU	0	1
7	2	H2K	Odoamne	Top	Rumble	3	5	4	EU	0	1
7	2	H2K	Loulex	Jungle	Olaf	1	5	7	EU	0	1
7	2	H2K	Ryu	Mid	Jayce	0	3	7	EU	0	1
7	2	H2K	Hjarnan	ADC	Sivir	4	2	5	EU	0	1
7	2	H2K	kaSing	Support	Annie	2	2	6	EU	0	1
7	2	UOL	Vizicsacsi	Top	Shen	4	6	14	EU	1	0
7	2	UOL	Kikis	Jungle	Elise	5	3	15	EU	1	0
7	2	UOL	PowerOfEvil	Mid	Ezreal	7	0	12	EU	1	0
7	2	UOL	Vardags	ADC	Sivir	4	3	14	EU	1	0
7	2	UOL	Hylissang	Support	Alistar	0	3	17	EU	1	0
7	2	GMB	Cabochard	Top	Ryze	2	4	3	EU	0	1
7	2	GMB	Diamond	Jungle	Gragas	2	5	2	EU	0	1
7	2	GMB	Betsy	Mid	Azir	0	3	4	EU	0	1
7	2	GMB	Forg1ven	ADC	Graves	2	4	2	EU	0	1
7	2	GMB	Gosu Pepper	Support	Alistar	1	7	4	EU	0	1
7	2	SK	Fredy122	Top	Nautilus	2	0	7	EU	1	0
7	2	SK	Svenskeren	Jungle	Gragas	1	1	8	EU	1	0
7	2	SK	Fox	Mid	Irelia	8	0	0	EU	1	0
7	2	SK	CandyPanda	ADC	Sivir	3	0	6	EU	1	0
7	2	SK	nRated	Support	Lulu	0	1	12	EU	1	0
7	2	CW	Lenny	Top	Shen	1	2	1	EU	0	1
7	2	CW	Airwaks	Jungle	Rek'Sai	1	1	1	EU	0	1
7	2	CW	Soren	Mid	Viktor	0	3	1	EU	0	1
7	2	CW	Freeze	ADC	Corki	0	4	1	EU	0	1
7	2	CW	Je Suis Kaas	Support	Alistar	0	4	2	EU	0	1
7	2	GIA	Werlyb	Top	Galio	1	2	19	EU	1	0
7	2	GIA	Fr3deric	Jungle	Rek'Sai	3	3	12	EU	1	0
7	2	GIA	PePiiNeRo	Mid	Varus	9	0	8	EU	1	0
7	2	GIA	Adryh	ADC	Jinx	10	1	8	EU	1	0
7	2	GIA	GoDFRED	Support	Morgana	0	1	19	EU	1	0
7	2	ROC	Steve	Top	Maokai	3	1	11	EU	1	0
7	2	ROC	Jankos	Jungle	Lee Sin	3	5	9	EU	1	0
7	2	ROC	Nukeduck	Mid	Viktor	8	0	6	EU	1	0
7	2	ROC	MrRallez	ADC	Kalista	1	3	8	EU	1	0
7	2	ROC	Vander	Support	Thresh	2	1	13	EU	1	0
7	2	EL	Jwaow	Top	Nautilus	0	5	15	EU	0	1
7	2	EL	Dexter	Jungle	Evelynn	5	4	9	EU	0	1
7	2	EL	Froggen	Mid	Ryze	6	1	3	EU	0	1
7	2	EL	Tabzz	ADC	Twitch	3	5	8	EU	0	1
7	2	EL	Nyph	Support	Thresh	1	5	10	EU	0	1
8	1	FNC	Huni	Top	Riven	3	2	4	EU	1	0
8	1	FNC	Reignover	Jungle	Rek'Sai	2	1	4	EU	1	0
8	1	FNC	Febiven	Mid	Twisted Fate	2	3	5	EU	1	0
8	1	FNC	Rekkles	ADC	Corki	3	0	3	EU	1	0
8	1	FNC	YellOwStaR	Support	Alistar	0	0	6	EU	1	0
8	1	OG	Soaz	Top	Nautilus	0	6	4	EU	0	1
8	1	OG	Amazing	Jungle	Rek'Sai	1	4	8	EU	0	1
8	1	OG	xPeke	Mid	Viktor	5	5	1	EU	0	1
8	1	OG	Niels	ADC	Corki	4	1	1	EU	0	1
8	1	OG	Mithy	Support	Braum	0	6	2	EU	0	1
8	1	H2K	Odoamne	Top	Shen	7	0	8	EU	1	0
8	1	H2K	Loulex	Jungle	Gragas	0	1	13	EU	1	0
8	1	H2K	Ryu	Mid	Ahri	14	1	4	EU	1	0
8	1	H2K	Hjarnan	ADC	Kalista	3	2	9	EU	1	0
8	1	H2K	kaSing	Support	Alistar	0	1	17	EU	1	0
8	1	UOL	Vizicsacsi	Top	Rumble	1	6	1	EU	0	1
8	1	UOL	Gillius	Jungle	Lee Sin	1	7	2	EU	0	1
8	1	UOL	PowerOfEvil	Mid	Ezreal	1	1	2	EU	0	1
8	1	UOL	Vardags	ADC	Jinx	1	3	3	EU	0	1
8	1	UOL	Hylissang	Support	Thresh	0	5	3	EU	0	1
8	1	GMB	Cabochard	Top	Shen	1	2	13	EU	1	0
8	1	GMB	Diamond	Jungle	Nidalee	9	2	7	EU	1	0
8	1	GMB	Betsy	Mid	Jayce	4	2	9	EU	1	0
8	1	GMB	Forg1ven	ADC	Lucian	5	1	7	EU	1	0
8	1	GMB	Gosu Pepper	Support	Alistar	3	3	12	EU	1	0
8	1	SK	Fredy122	Top	Gnar	2	1	9	EU	1	0
8	1	SK	Svenskeren	Jungle	Nidalee	7	1	7	EU	1	0
8	1	SK	Fox	Mid	Jayce	12	1	4	EU	1	0
8	1	SK	CandyPanda	ADC	Corki	0	1	6	EU	1	0
8	1	SK	nRated	Support	Shen	1	0	11	EU	1	0
8	1	CW	Lenny	Top	Shen	1	2	4	EU	0	1
8	1	CW	Shook	Jungle	Lee Sin	1	6	4	EU	0	1
8	1	CW	Soren	Mid	Azir	1	4	3	EU	0	1
8	1	CW	Freeze	ADC	Kalista	4	0	2	EU	0	1
8	1	CW	Je Suis Kaas	Support	Morgana	1	7	4	EU	0	1
8	1	GIA	Werlyb	Top	Ryze	1	5	1	EU	0	1
8	1	GIA	Fr3deric	Jungle	Rek'Sai	0	2	3	EU	0	1
8	1	GIA	PePiiNeRo	Mid	Jayce	3	3	1	EU	0	1
8	1	GIA	Adryh	ADC	Jinx	0	9	1	EU	0	1
8	1	GIA	GoDFRED	Support	Nautilus	0	5	2	EU	0	1
8	1	ROC	Steve	Top	Rumble	1	5	3	EU	0	1
8	1	ROC	Jankos	Jungle	Gragas	0	2	3	EU	0	1
8	1	ROC	Nukeduck	Mid	Varus	3	1	2	EU	0	1
8	1	ROC	MrRallez	ADC	Caitlyn	2	1	2	EU	0	1
8	1	ROC	Vander	Support	Janna	0	1	4	EU	0	1
8	1	EL	Jwaow	Top	Rumble	3	2	11	EU	1	0
8	1	EL	Dexter	Jungle	Rek'Sai	3	1	9	EU	1	0
8	1	EL	Froggen	Mid	Varus	11	2	7	EU	1	0
8	1	EL	Tabzz	ADC	Corki	2	2	9	EU	1	0
8	1	EL	Nyph	Support	Thresh	0	1	13	EU	1	0
8	2	FNC	Huni	Top	Jarvan IV	4	3	6	EU	1	0
8	2	FNC	Reignover	Jungle	Gragas	0	0	7	EU	1	0
8	2	FNC	Febiven	Mid	Viktor	3	1	2	EU	1	0
8	2	FNC	Rekkles	ADC	Tristana	6	0	4	EU	1	0
8	2	FNC	YellOwStaR	Support	Alistar	0	0	9	EU	1	0
8	2	OG	Soaz	Top	Rumble	5	5	9	EU	1	0
8	2	OG	Amazing	Jungle	Gragas	2	2	10	EU	1	0
8	2	OG	xPeke	Mid	Varus	7	2	10	EU	1	0
8	2	OG	Niels	ADC	Corki	10	1	8	EU	1	0
8	2	OG	Mithy	Support	Thresh	2	5	15	EU	1	0
8	2	H2K	Odoamne	Top	Shen	1	5	6	EU	0	1
8	2	H2K	Loulex	Jungle	Rek'Sai	3	9	7	EU	0	1
8	2	H2K	Ryu	Mid	Viktor	3	8	3	EU	0	1
8	2	H2K	Hjarnan	ADC	Corki	5	2	5	EU	0	1
8	2	H2K	kaSing	Support	Alistar	1	5	5	EU	0	1
8	2	UOL	Vizicsacsi	Top	Maokai	1	1	18	EU	1	0
8	2	UOL	Gillius	Jungle	Jarvan IV	0	3	19	EU	1	0
8	2	UOL	PowerOfEvil	Mid	Orianna	15	3	3	EU	1	0
8	2	UOL	Vardags	ADC	Corki	5	0	11	EU	1	0
8	2	UOL	Hylissang	Support	Alistar	0	1	20	EU	1	0
8	2	GMB	Cabochard	Top	Gangplank	2	4	5	EU	0	1
8	2	GMB	Diamond	Jungle	Rek'Sai	1	4	5	EU	0	1
8	2	GMB	Betsy	Mid	Ahri	3	3	5	EU	0	1
8	2	GMB	Forg1ven	ADC	Lucian	2	4	5	EU	0	1
8	2	GMB	Gosu Pepper	Support	Gragas	0	6	5	EU	0	1
8	2	SK	Fredy122	Top	Gnar	3	3	4	EU	0	1
8	2	SK	Svenskeren	Jungle	Lee Sin	2	6	6	EU	0	1
8	2	SK	Fox	Mid	Viktor	6	5	6	EU	0	1
8	2	SK	CandyPanda	ADC	Kog'Maw	3	7	7	EU	0	1
8	2	SK	nRated	Support	Shen	1	5	12	EU	0	1
8	2	CW	Lenny	Top	Rumble	7	3	15	EU	1	0
8	2	CW	Shook	Jungle	Elise	2	5	16	EU	1	0
8	2	CW	Soren	Mid	Irelia	6	2	4	EU	1	0
8	2	CW	Freeze	ADC	Caitlyn	14	0	4	EU	1	0
8	2	CW	Je Suis Kaas	Support	Thresh	0	2	18	EU	1	0
8	2	GIA	Werlyb	Top	Shyvana	3	5	3	EU	0	1
8	2	GIA	Fr3deric	Jungle	Gragas	0	7	7	EU	0	1
8	2	GIA	PePiiNeRo	Mid	Varus	1	3	3	EU	0	1
8	2	GIA	Adryh	ADC	Corki	3	4	3	EU	0	1
8	2	GIA	GoDFRED	Support	Alistar	1	2	6	EU	0	1
8	2	ROC	Steve	Top	Maokai	2	0	17	EU	1	0
8	2	ROC	Jankos	Jungle	Rek'Sai	2	1	17	EU	1	0
8	2	ROC	Nukeduck	Mid	Viktor	9	1	12	EU	1	0
8	2	ROC	MrRallez	ADC	Kog'Maw	5	2	8	EU	1	0
8	2	ROC	Vander	Support	Nautilus	3	4	14	EU	1	0
8	2	EL	Jwaow	Top	Shen	0	3	3	EU	0	1
8	2	EL	Dexter	Jungle	Nidalee	1	3	1	EU	0	1
8	2	EL	Froggen	Mid	Varus	2	1	0	EU	0	1
8	2	EL	Tabzz	ADC	Corki	1	5	0	EU	0	1
8	2	EL	Nyph	Support	Janna	0	1	1	EU	0	1
9	1	FNC	Huni	Top	Fizz	7	1	8	EU	1	0
9	1	FNC	Reignover	Jungle	Rek'Sai	2	3	13	EU	1	0
9	1	FNC	Febiven	Mid	Twisted Fate	8	0	9	EU	1	0
9	1	FNC	Rekkles	ADC	Tristana	7	1	6	EU	1	0
9	1	FNC	YellOwStaR	Support	Trundle	1	1	19	EU	1	0
9	1	OG	Soaz	Top	Lulu	4	1	11	EU	1	0
9	1	OG	Amazing	Jungle	Rek'Sai	1	5	7	EU	1	0
9	1	OG	xPeke	Mid	Viktor	5	1	9	EU	1	0
9	1	OG	Niels	ADC	Corki	5	3	6	EU	1	0
9	1	OG	Mithy	Support	Shen	2	2	10	EU	1	0
9	1	H2K	Odoamne	Top	Fizz	1	4	7	EU	0	1
9	1	H2K	Loulex	Jungle	Gragas	0	3	8	EU	0	1
9	1	H2K	Ryu	Mid	Twisted Fate	3	3	7	EU	0	1
9	1	H2K	Hjarnan	ADC	Kalista	6	4	4	EU	0	1
9	1	H2K	kaSing	Support	Thresh	2	3	9	EU	0	1
9	1	UOL	Vizicsacsi	Top	Maokai	1	2	6	EU	1	0
9	1	UOL	Gillius	Jungle	Gragas	2	6	9	EU	1	0
9	1	UOL	PowerOfEvil	Mid	Syndra	5	2	4	EU	1	0
9	1	UOL	Vardags	ADC	Graves	4	2	6	EU	1	0
9	1	UOL	Hylissang	Support	Annie	1	3	7	EU	1	0
9	1	GMB	Cabochard	Top	Kennen	8	2	2	EU	0	1
9	1	GMB	Diamond	Jungle	Gragas	0	3	7	EU	0	1
9	1	GMB	Betsy	Mid	Varus	4	2	6	EU	0	1
9	1	GMB	Moopz	ADC	Corki	3	2	6	EU	0	1
9	1	GMB	Gosu Pepper	Support	Alistar	0	6	9	EU	0	1
9	1	SK	Fredy122	Top	Maokai	0	6	1	EU	0	1
9	1	SK	Svenskeren	Jungle	Gragas	1	5	3	EU	0	1
9	1	SK	Fox	Mid	Jayce	3	4	1	EU	0	1
9	1	SK	CandyPanda	ADC	Corki	2	5	2	EU	0	1
9	1	SK	nRated	Support	Lulu	0	5	2	EU	0	1
9	1	CW	Lenny	Top	Shen	0	1	2	EU	1	0
9	1	CW	Shook	Jungle	Nidalee	1	1	1	EU	1	0
9	1	CW	Soren	Mid	Irelia	1	2	0	EU	1	0
9	1	CW	Freeze	ADC	Kalista	1	0	1	EU	1	0
9	1	CW	Je Suis Kaas	Support	Morgana	0	0	2	EU	1	0
9	1	GIA	Werlyb	Top	Jax	5	6	7	EU	0	1
9	1	GIA	Fr3deric	Jungle	Rek'Sai	2	6	10	EU	0	1
9	1	GIA	PePiiNeRo	Mid	Viktor	2	0	4	EU	0	1
9	1	GIA	Adryh	ADC	Sivir	3	0	4	EU	0	1
9	1	GIA	GoDFRED	Support	Thresh	3	1	8	EU	0	1
9	1	ROC	Steve	Top	Rumble	0	1	3	EU	0	1
9	1	ROC	Jankos	Jungle	Gragas	2	1	1	EU	0	1
9	1	ROC	Nukeduck	Mid	Azir	2	0	2	EU	0	1
9	1	ROC	MrRallez	ADC	Sivir	0	0	2	EU	0	1
9	1	ROC	Vander	Support	Alistar	0	1	2	EU	0	1
9	1	EL	Jwaow	Top	Rumble	3	3	10	EU	1	0
9	1	EL	Dexter	Jungle	Rek'Sai	1	3	12	EU	1	0
9	1	EL	Froggen	Mid	Kog'Maw	2	6	10	EU	1	0
9	1	EL	Tabzz	ADC	Sivir	5	0	5	EU	1	0
9	1	EL	Nyph	Support	Thresh	4	3	7	EU	1	0
9	2	FNC	Huni	Top	Ryze	12	3	1	EU	1	0
9	2	FNC	Reignover	Jungle	Gragas	1	0	9	EU	1	0
9	2	FNC	Febiven	Mid	Varus	0	2	5	EU	1	0
9	2	FNC	Rekkles	ADC	Corki	4	0	9	EU	1	0
9	2	FNC	YellOwStaR	Support	Trundle	0	0	10	EU	1	0
9	2	OG	Soaz	Top	Fizz	2	2	2	EU	0	1
9	2	OG	Amazing	Jungle	Rek'Sai	0	3	1	EU	0	1
9	2	OG	xPeke	Mid	Twisted Fate	2	4	2	EU	0	1
9	2	OG	Niels	ADC	Sivir	0	2	0	EU	0	1
9	2	OG	Mithy	Support	Shen	0	3	4	EU	0	1
9	2	H2K	Odoamne	Top	Rumble	2	2	9	EU	1	0
9	2	H2K	Loulex	Jungle	Gragas	2	3	10	EU	1	0
9	2	H2K	Ryu	Mid	Ahri	3	2	4	EU	1	0
9	2	H2K	Hjarnan	ADC	Tristana	7	0	3	EU	1	0
9	2	H2K	kaSing	Support	Alistar	1	2	8	EU	1	0
9	2	UOL	Vizicsacsi	Top	Poppy	2	4	1	EU	0	1
9	2	UOL	Gillius	Jungle	Rengar	2	2	3	EU	0	1
9	2	UOL	PowerOfEvil	Mid	Kog'Maw	1	3	2	EU	0	1
9	2	UOL	Vardags	ADC	Sivir	0	3	0	EU	0	1
9	2	UOL	Hylissang	Support	Alistar	0	5	1	EU	0	1
9	2	GMB	Cabochard	Top	Fizz	4	6	1	EU	0	1
9	2	GMB	Diamond	Jungle	Rek'Sai	1	3	5	EU	0	1
9	2	GMB	Betsy	Mid	Jayce	2	2	3	EU	0	1
9	2	GMB	Moopz	ADC	Corki	2	2	3	EU	0	1
9	2	GMB	Gosu Pepper	Support	Morgana	0	2	6	EU	0	1
9	2	SK	Fredy122	Top	Tahm Kench	2	1	11	EU	1	0
9	2	SK	Svenskeren	Jungle	Gragas	4	2	10	EU	1	0
9	2	SK	Fox	Mid	Irelia	5	3	9	EU	1	0
9	2	SK	CandyPanda	ADC	Corki	11	0	7	EU	1	0
9	2	SK	nRated	Support	Nautilus	0	3	16	EU	1	0
9	2	CW	Lenny	Top	Shen	1	3	6	EU	0	1
9	2	CW	Shook	Jungle	Elise	2	4	6	EU	0	1
9	2	CW	Soren	Mid	Viktor	2	1	3	EU	0	1
9	2	CW	Freeze	ADC	Sivir	7	1	3	EU	0	1
9	2	CW	Je Suis Kaas	Support	Thresh	0	5	9	EU	0	1
9	2	GIA	Werlyb	Top	Ryze	5	4	4	EU	1	0
9	2	GIA	Fr3deric	Jungle	Gragas	1	3	8	EU	1	0
9	2	GIA	PePiiNeRo	Mid	Varus	4	0	4	EU	1	0
9	2	GIA	Adryh	ADC	Ezreal	4	2	7	EU	1	0
9	2	GIA	GoDFRED	Support	Alistar	0	3	8	EU	1	0
9	2	ROC	Steve	Top	Maokai	3	1	9	EU	1	0
9	2	ROC	Jankos	Jungle	Nidalee	5	0	7	EU	1	0
9	2	ROC	Nukeduck	Mid	Yasuo	1	2	8	EU	1	0
9	2	ROC	MrRallez	ADC	Kalista	4	0	5	EU	1	0
9	2	ROC	Vander	Support	Alistar	1	1	12	EU	1	0
9	2	EL	Jwaow	Top	Rumble	2	6	5	EU	0	1
9	2	EL	Dexter	Jungle	Rek'Sai	0	3	4	EU	0	1
9	2	EL	Froggen	Mid	Varus	2	2	4	EU	0	1
9	2	EL	Tabzz	ADC	Kalista	5	3	2	EU	0	1
9	2	EL	Nyph	Support	Alistar	0	8	6	EU	0	1
9	3	GIA	Werlyb	Top	Galio	1	8	10	EU	0	1
9	3	GIA	Fr3deric	Jungle	Rek'Sai	4	5	10	EU	0	1
9	3	GIA	PePiiNeRo	Mid	Varus	4	4	6	EU	0	1
9	3	GIA	GoDFRED	ADC	Kalista	5	7	3	EU	0	1
9	3	GIA	Adryh	Support	Bard	1	4	10	EU	0	1
9	3	ROC	Steve	Top	Rumble	9	4	11	EU	1	0
9	3	ROC	Jankos	Jungle	Gragas	1	2	15	EU	1	0
9	3	ROC	Nukeduck	Mid	Yasuo	13	5	4	EU	1	0
9	3	ROC	MrRallez	ADC	Corki	4	2	18	EU	1	0
9	3	ROC	Vander	Support	Thresh	1	2	12	EU	1	0
1	1	TSM	Dyrus	Top	Maokai	2	3	5	NA	0	1
1	1	TSM	Santorin	Jungle	Rek'Sai	0	3	7	NA	0	1
1	1	TSM	Bjergsen	Mid	Viktor	4	2	3	NA	0	1
1	1	TSM	WildTurtle	ADC	Urgot	3	3	3	NA	0	1
1	1	TSM	Lustboy	Support	Thresh	1	4	5	NA	0	1
1	1	C9	Balls	Top	Rumble	2	2	11	NA	1	0
1	1	C9	Meteos	Jungle	Gragas	3	1	11	NA	1	0
1	1	C9	Incarnati0n	Mid	Kog'Maw	5	2	9	NA	1	0
1	1	C9	Sneaky	ADC	Sivir	5	1	9	NA	1	0
1	1	C9	LemonNation	Support	Nautilus	0	4	12	NA	1	0
1	1	CLG	ZionSpartan	Top	Maokai	3	0	10	NA	1	0
1	1	CLG	Xmithie	Jungle	Lee Sin	3	0	8	NA	1	0
1	1	CLG	Pobelter	Mid	Kog'Maw	4	1	10	NA	1	0
1	1	CLG	Doublelift	ADC	Ashe	5	1	9	NA	1	0
1	1	CLG	Aphromoo	Support	Alistar	1	1	8	NA	1	0
1	1	TL	Quas	Top	Gnar	6	1	13	NA	1	0
1	1	TL	IWillDominate	Jungle	Gragas	3	1	14	NA	1	0
1	1	TL	FeniX	Mid	Cassiopeia	4	5	9	NA	1	0
1	1	TL	Piglet	ADC	Kalista	9	1	4	NA	1	0
1	1	TL	Xpecial	Support	Annie	1	2	11	NA	1	0
1	1	T8	CaliTrlolz	Top	Gnar	1	3	4	NA	0	1
1	1	T8	Porpoise	Jungle	Rek'Sai	1	6	5	NA	0	1
1	1	T8	Slooshi	Mid	Ziggs	4	3	2	NA	0	1
1	1	T8	maplestreet	ADC	Urgot	1	4	3	NA	0	1
1	1	T8	Dodo	Support	Thresh	0	6	4	NA	0	1
1	1	TDK	Seraph	Top	Rumble	4	5	4	NA	0	1
1	1	TDK	Kez	Jungle	Rek'Sai	2	6	6	NA	0	1
1	1	TDK	Bischu	Mid	Azir	1	6	7	NA	0	1
1	1	TDK	Lattman	ADC	Corki	3	2	4	NA	0	1
1	1	TDK	Baby	Support	Thresh	0	4	4	NA	0	1
1	1	NME	Flaresz	Top	Rumble	2	7	14	NA	1	0
1	1	NME	Trashy	Jungle	Sejuani	2	4	14	NA	1	0
1	1	NME	InnoX	Mid	Kassadin	8	4	11	NA	1	0
1	1	NME	otter	ADC	Vayne	10	1	6	NA	1	0
1	1	NME	Bodydrop	Support	Nautilus	0	5	15	NA	1	0
1	1	DIG	Gamsu	Top	Hecarim	0	3	2	NA	0	1
1	1	DIG	Azingy	Jungle	Sejuani	2	3	1	NA	0	1
1	1	DIG	Shiptur	Mid	Azir	1	5	2	NA	0	1
1	1	DIG	Core JJ	ADC	Kalista	0	3	1	NA	0	1
1	1	DIG	KiWiKiD	Support	Annie	0	2	2	NA	0	1
1	1	TIP	Impact	Top	Yasuo	8	1	10	NA	1	0
1	1	TIP	Rush	Jungle	Evelynn	2	3	18	NA	1	0
1	1	TIP	XiaoWeiXiao	Mid	Fizz	4	1	9	NA	1	0
1	1	TIP	Apollo	ADC	Sivir	5	1	14	NA	1	0
1	1	TIP	Adrian	Support	Alistar	3	1	18	NA	1	0
1	1	GV	Hauntzer	Top	Hecarim	4	3	9	NA	0	1
1	1	GV	Move	Jungle	Nunu	1	5	9	NA	0	1
1	1	GV	Keane	Mid	Fizz	6	8	8	NA	0	1
1	1	GV	Altec	ADC	Sivir	9	4	9	NA	0	1
1	1	GV	Bunny FuFuu	Support	Thresh	1	3	18	NA	0	1
1	2	TSM	Dyrus	Top	Rumble	4	4	5	NA	1	0
1	2	TSM	Santorin	Jungle	Sejuani	1	0	10	NA	1	0
1	2	TSM	Bjergsen	Mid	Viktor	6	2	6	NA	1	0
1	2	TSM	WildTurtle	ADC	Sivir	4	4	6	NA	1	0
1	2	TSM	Lustboy	Support	Alistar	3	0	12	NA	1	0
1	2	C9	Balls	Top	Maokai	0	3	2	NA	0	1
1	2	C9	Meteos	Jungle	Rek'Sai	2	1	1	NA	0	1
1	2	C9	Incarnati0n	Mid	Kog'Maw	1	3	2	NA	0	1
1	2	C9	Sneaky	ADC	Ashe	1	3	3	NA	0	1
1	2	C9	LemonNation	Support	Thresh	0	6	2	NA	0	1
1	2	CLG	ZionSpartan	Top	Gnar	3	2	16	NA	1	0
1	2	CLG	Xmithie	Jungle	Sejuani	3	3	18	NA	1	0
1	2	CLG	Pobelter	Mid	Azir	9	1	10	NA	1	0
1	2	CLG	Doublelift	ADC	Kalista	12	4	11	NA	1	0
1	2	CLG	Aphromoo	Support	Thresh	2	4	23	NA	1	0
1	2	TL	Quas	Top	Rumble	9	3	7	NA	1	0
1	2	TL	IWillDominate	Jungle	Nunu	1	3	16	NA	1	0
1	2	TL	FeniX	Mid	Cassiopeia	8	4	10	NA	1	0
1	2	TL	Piglet	ADC	Sivir	4	2	12	NA	1	0
1	2	TL	Xpecial	Support	Thresh	0	3	16	NA	1	0
1	2	T8	CaliTrlolz	Top	Irelia	8	4	4	NA	0	1
1	2	T8	Porpoise	Jungle	Sejuani	2	1	11	NA	0	1
1	2	T8	Slooshi	Mid	Vladimir	3	4	3	NA	0	1
1	2	T8	maplestreet	ADC	Graves	2	4	9	NA	0	1
1	2	T8	Dodo	Support	Nautilus	0	8	10	NA	0	1
1	2	TDK	Seraph	Top	Vladimir	3	2	4	NA	0	1
1	2	TDK	Kez	Jungle	Gragas	0	2	6	NA	0	1
1	2	TDK	Bischu	Mid	Viktor	3	3	4	NA	0	1
1	2	TDK	Lattman	ADC	Lucian	3	5	5	NA	0	1
1	2	TDK	Baby	Support	Thresh	2	4	4	NA	0	1
1	2	NME	Flaresz	Top	Hecarim	8	6	0	NA	0	1
1	2	NME	Trashy	Jungle	Evelynn	0	2	3	NA	0	1
1	2	NME	InnoX	Mid	Kassadin	0	2	2	NA	0	1
1	2	NME	otter	ADC	Kalista	2	4	0	NA	0	1
1	2	NME	Bodydrop	Support	Morgana	0	4	3	NA	0	1
1	2	DIG	Gamsu	Top	Gnar	2	0	4	NA	1	0
1	2	DIG	Azingy	Jungle	Zac	5	0	7	NA	1	0
1	2	DIG	Shiptur	Mid	Vladimir	1	1	7	NA	1	0
1	2	DIG	Core JJ	ADC	Kalista	4	1	8	NA	1	0
1	2	DIG	KiWiKiD	Support	Nautilus	4	2	7	NA	1	0
1	2	TIP	Impact	Top	Hecarim	3	7	4	NA	0	1
1	2	TIP	Rush	Jungle	Evelynn	1	7	4	NA	0	1
1	2	TIP	XiaoWeiXiao	Mid	LeBlanc	5	2	2	NA	0	1
1	2	TIP	Apollo	ADC	Sivir	4	5	9	NA	0	1
1	2	TIP	Adrian	Support	Alistar	1	8	8	NA	0	1
1	2	GV	Hauntzer	Top	Hecarim	6	1	7	NA	1	0
1	2	GV	Move	Jungle	Lee Sin	5	4	8	NA	1	0
1	2	GV	Keane	Mid	Malphite	1	1	8	NA	1	0
1	2	GV	Altec	ADC	Jinx	3	1	7	NA	1	0
1	2	GV	Bunny FuFuu	Support	Alistar	1	4	10	NA	1	0
2	1	TSM	Dyrus	Top	Gnar	1	1	8	NA	1	0
2	1	TSM	Santorin	Jungle	Rek'Sai	1	1	12	NA	1	0
2	1	TSM	Bjergsen	Mid	LeBlanc	12	3	3	NA	1	0
2	1	TSM	WildTurtle	ADC	Vayne	3	1	5	NA	1	0
2	1	TSM	Lustboy	Support	Annie	0	2	9	NA	1	0
2	1	C9	Balls	Top	Ryze	3	4	1	NA	0	1
2	1	C9	Meteos	Jungle	Sejuani	0	3	4	NA	0	1
2	1	C9	Incarnati0n	Mid	Viktor	2	3	2	NA	0	1
2	1	C9	Sneaky	ADC	Ezreal	1	2	4	NA	0	1
2	1	C9	LemonNation	Support	Nautilus	0	4	3	NA	0	1
2	1	CLG	ZionSpartan	Top	Rumble	10	0	9	NA	1	0
2	1	CLG	Xmithie	Jungle	Rek'Sai	1	1	9	NA	1	0
2	1	CLG	Pobelter	Mid	Varus	7	0	8	NA	1	0
2	1	CLG	Doublelift	ADC	Sivir	3	2	10	NA	1	0
2	1	CLG	Aphromoo	Support	Thresh	1	2	15	NA	1	0
2	1	TL	Quas	Top	Ryze	5	1	0	NA	1	0
2	1	TL	IWillDominate	Jungle	Rek'Sai	3	2	12	NA	1	0
2	1	TL	FeniX	Mid	Azir	2	1	5	NA	1	0
2	1	TL	Piglet	ADC	Kalista	11	0	3	NA	1	0
2	1	TL	Xpecial	Support	Thresh	1	1	14	NA	1	0
2	1	T8	CaliTrlolz	Top	Maokai	1	6	3	NA	0	1
2	1	T8	Porpoise	Jungle	Sejuani	1	3	3	NA	0	1
2	1	T8	Slooshi	Mid	Ziggs	1	4	4	NA	0	1
2	1	T8	Nien	ADC	Kalista	2	5	1	NA	0	1
2	1	T8	Dodo	Support	Nautilus	0	4	4	NA	0	1
2	1	TDK	Seraph	Top	Irelia	1	4	4	NA	0	1
2	1	TDK	Kez	Jungle	Gragas	2	5	3	NA	0	1
2	1	TDK	Bischu	Mid	Varus	1	2	3	NA	0	1
2	1	TDK	Lattman	ADC	Corki	1	1	3	NA	0	1
2	1	TDK	Baby	Support	Nautilus	0	6	1	NA	0	1
2	1	NME	Flaresz	Top	Irelia	2	4	1	NA	0	1
2	1	NME	Trashy	Jungle	Gragas	1	3	3	NA	0	1
2	1	NME	InnoX	Mid	Varus	1	3	0	NA	0	1
2	1	NME	otter	ADC	Corki	1	6	2	NA	0	1
2	1	NME	Bodydrop	Support	Nautilus	0	6	2	NA	0	1
2	1	DIG	Gamsu	Top	Ryze	5	2	9	NA	1	0
2	1	DIG	Azingy	Jungle	Zac	2	2	10	NA	1	0
2	1	DIG	Shiptur	Mid	Azir	3	1	10	NA	1	0
2	1	DIG	Core JJ	ADC	Kalista	7	0	5	NA	1	0
2	1	DIG	KiWiKiD	Support	Morgana	1	0	12	NA	1	0
2	1	TIP	Impact	Top	Rumble	3	4	4	NA	0	1
2	1	TIP	Rush	Jungle	Lee Sin	1	3	5	NA	0	1
2	1	TIP	XiaoWeiXiao	Mid	Azir	0	4	5	NA	0	1
2	1	TIP	Apollo	ADC	Sivir	4	3	3	NA	0	1
2	1	TIP	Adrian	Support	Thresh	0	3	6	NA	0	1
2	1	GV	Hauntzer	Top	Maokai	5	3	5	NA	1	0
2	1	GV	Move	Jungle	Rek'Sai	1	1	12	NA	1	0
2	1	GV	Keane	Mid	Twisted Fate	2	1	10	NA	1	0
2	1	GV	Altec	ADC	Sivir	8	0	7	NA	1	0
2	1	GV	Bunny FuFuu	Support	Thresh	0	1	13	NA	1	0
2	2	TSM	Dyrus	Top	Gnar	2	1	8	NA	1	0
2	2	TSM	Santorin	Jungle	Rek'Sai	2	0	13	NA	1	0
2	2	TSM	Bjergsen	Mid	LeBlanc	8	2	6	NA	1	0
2	2	TSM	WildTurtle	ADC	Sivir	4	2	11	NA	1	0
2	2	TSM	Lustboy	Support	Bard	1	2	13	NA	1	0
2	2	C9	Balls	Top	Maokai	1	3	4	NA	0	1
2	2	C9	Meteos	Jungle	Gragas	1	3	6	NA	0	1
2	2	C9	Incarnati0n	Mid	Azir	2	3	3	NA	0	1
2	2	C9	Sneaky	ADC	Lucian	4	3	4	NA	0	1
2	2	C9	LemonNation	Support	Nautilus	0	3	7	NA	0	1
2	2	CLG	ZionSpartan	Top	Maokai	2	3	3	NA	0	1
2	2	CLG	Xmithie	Jungle	Lee Sin	0	2	6	NA	0	1
2	2	CLG	Pobelter	Mid	Azir	4	3	2	NA	0	1
2	2	CLG	Doublelift	ADC	Kalista	1	4	5	NA	0	1
2	2	CLG	Aphromoo	Support	Nautilus	0	5	6	NA	0	1
2	2	TL	Quas	Top	Maokai	0	5	3	NA	0	1
2	2	TL	IWillDominate	Jungle	Rek'Sai	1	3	2	NA	0	1
2	2	TL	FeniX	Mid	Cassiopeia	0	3	2	NA	0	1
2	2	TL	Piglet	ADC	Vayne	2	1	0	NA	0	1
2	2	TL	Xpecial	Support	Janna	0	2	3	NA	0	1
2	2	T8	CaliTrlolz	Top	Rumble	3	4	4	NA	0	1
2	2	T8	Porpoise	Jungle	Rek'Sai	0	4	10	NA	0	1
2	2	T8	Slooshi	Mid	Azir	4	5	10	NA	0	1
2	2	T8	Nien	ADC	Sivir	2	6	7	NA	0	1
2	2	T8	Dodo	Support	Nautilus	2	5	6	NA	0	1
2	2	TDK	Seraph	Top	Rumble	3	3	5	NA	0	1
2	2	TDK	Kez	Jungle	Sejuani	7	1	7	NA	0	1
2	2	TDK	Bischu	Mid	Orianna	3	3	8	NA	0	1
2	2	TDK	Lattman	ADC	Ashe	1	5	11	NA	0	1
2	2	TDK	Smoothie	Support	Thresh	1	4	12	NA	0	1
2	2	NME	Flaresz	Top	Irelia	5	3	3	NA	1	0
2	2	NME	Trashy	Jungle	Gragas	1	2	12	NA	1	0
2	2	NME	InnoX	Mid	LeBlanc	5	1	5	NA	1	0
2	2	NME	otter	ADC	Kalista	4	5	6	NA	1	0
2	2	NME	Bodydrop	Support	Bard	1	4	10	NA	1	0
2	2	DIG	Gamsu	Top	Gnar	2	2	10	NA	1	0
2	2	DIG	Azingy	Jungle	Zac	4	1	11	NA	1	0
2	2	DIG	Shiptur	Mid	Kog'Maw	8	0	8	NA	1	0
2	2	DIG	Core JJ	ADC	Ezreal	9	3	9	NA	1	0
2	2	DIG	KiWiKiD	Support	Thresh	1	5	21	NA	1	0
2	2	TIP	Impact	Top	Rumble	1	4	8	NA	1	0
2	2	TIP	Rush	Jungle	Sejuani	1	2	11	NA	1	0
2	2	TIP	XiaoWeiXiao	Mid	LeBlanc	8	0	5	NA	1	0
2	2	TIP	Apollo	ADC	Sivir	4	1	8	NA	1	0
2	2	TIP	Adrian	Support	Janna	1	1	10	NA	1	0
2	2	GV	Hauntzer	Top	Ryze	4	2	6	NA	1	0
2	2	GV	Move	Jungle	Jarvan IV	1	2	1	NA	1	0
2	2	GV	Keane	Mid	Urgot	7	0	3	NA	1	0
2	2	GV	Altec	ADC	Sivir	2	0	2	NA	1	0
2	2	GV	Bunny FuFuu	Support	Alistar	0	0	8	NA	1	0
3	1	TSM	Dyrus	Top	Hecarim	4	4	6	NA	1	0
3	1	TSM	Santorin	Jungle	Gragas	2	2	6	NA	1	0
3	1	TSM	Bjergsen	Mid	Ekko	7	1	6	NA	1	0
3	1	TSM	WildTurtle	ADC	Kalista	3	4	7	NA	1	0
3	1	TSM	Lustboy	Support	Bard	0	3	8	NA	1	0
3	1	C9	Balls	Top	Fizz	3	4	2	NA	0	1
3	1	C9	Meteos	Jungle	Nunu	0	6	4	NA	0	1
3	1	C9	Incarnati0n	Mid	Azir	2	2	2	NA	0	1
3	1	C9	Sneaky	ADC	Lucian	3	5	2	NA	0	1
3	1	C9	LemonNation	Support	Nautilus	0	6	6	NA	0	1
3	1	CLG	ZionSpartan	Top	Ekko	4	3	9	NA	1	0
3	1	CLG	Xmithie	Jungle	Gragas	3	2	14	NA	1	0
3	1	CLG	Pobelter	Mid	Lulu	4	1	14	NA	1	0
3	1	CLG	Doublelift	ADC	Ashe	7	1	13	NA	1	0
3	1	CLG	Aphromoo	Support	Bard	5	2	16	NA	1	0
3	1	TL	Quas	Top	Hecarim	7	0	9	NA	1	0
3	1	TL	IWillDominate	Jungle	Ekko	2	3	17	NA	1	0
3	1	TL	FeniX	Mid	LeBlanc	9	2	7	NA	1	0
3	1	TL	Piglet	ADC	Corki	4	1	12	NA	1	0
3	1	TL	Xpecial	Support	Alistar	1	2	18	NA	1	0
3	1	T8	CaliTrlolz	Top	Hecarim	2	3	10	NA	1	0
3	1	T8	Porpoise	Jungle	Nunu	0	2	12	NA	1	0
3	1	T8	Slooshi	Mid	Azir	4	2	6	NA	1	0
3	1	T8	Nien	ADC	Jinx	4	1	8	NA	1	0
3	1	T8	Dodo	Support	Thresh	3	2	7	NA	1	0
3	1	TDK	Seraph	Top	Dr.Mundo	0	3	0	NA	0	1
3	1	TDK	Kez	Jungle	Nidalee	0	3	0	NA	0	1
3	1	TDK	Bischu	Mid	Viktor	0	5	0	NA	0	1
3	1	TDK	Lattman	ADC	Lucian	0	5	0	NA	0	1
3	1	TDK	Smoothie	Support	Janna	0	2	0	NA	0	1
3	1	NME	Flaresz	Top	Gnar	1	3	2	NA	0	1
3	1	NME	Trashy	Jungle	Rek'Sai	1	3	8	NA	0	1
3	1	NME	InnoX	Mid	Ekko	5	2	5	NA	0	1
3	1	NME	otter	ADC	Sivir	3	3	6	NA	0	1
3	1	NME	Bodydrop	Support	Janna	0	2	9	NA	0	1
3	1	DIG	Gamsu	Top	Fizz	4	3	4	NA	0	1
3	1	DIG	Helios	Jungle	Rek'Sai	1	2	8	NA	0	1
3	1	DIG	Shiptur	Mid	Kog'Maw	4	2	6	NA	0	1
3	1	DIG	Core JJ	ADC	Sivir	4	4	6	NA	0	1
3	1	DIG	KiWiKiD	Support	Morgana	1	5	8	NA	0	1
3	1	TIP	Impact	Top	Maokai	3	0	6	NA	1	0
3	1	TIP	Rush	Jungle	Lee Sin	5	0	8	NA	1	0
3	1	TIP	XiaoWeiXiao	Mid	LeBlanc	8	0	5	NA	1	0
3	1	TIP	Apollo	ADC	Sivir	2	0	9	NA	1	0
3	1	TIP	Adrian	Support	Alistar	0	0	11	NA	1	0
3	1	GV	Hauntzer	Top	Hecarim	3	5	3	NA	0	1
3	1	GV	Move	Jungle	Jarvan IV	3	5	5	NA	0	1
3	1	GV	Keane	Mid	Rumble	1	5	7	NA	0	1
3	1	GV	Altec	ADC	Sivir	2	4	6	NA	0	1
3	1	GV	Bunny FuFuu	Support	Alistar	0	4	4	NA	0	1
3	2	TSM	Dyrus	Top	Rumble	7	2	16	NA	1	0
3	2	TSM	Santorin	Jungle	Rek'Sai	2	1	20	NA	1	0
3	2	TSM	Bjergsen	Mid	Ekko	12	6	7	NA	1	0
3	2	TSM	WildTurtle	ADC	Kalista	5	3	13	NA	1	0
3	2	TSM	Lustboy	Support	Annie	0	2	20	NA	1	0
3	2	C9	Balls	Top	Maokai	3	2	14	NA	1	0
3	2	C9	Meteos	Jungle	Gragas	1	1	13	NA	1	0
3	2	C9	Incarnati0n	Mid	Varus	7	3	5	NA	1	0
3	2	C9	Sneaky	ADC	Jinx	10	1	7	NA	1	0
3	2	C9	LemonNation	Support	Karma	0	2	17	NA	1	0
3	2	CLG	ZionSpartan	Top	Gnar	3	3	12	NA	1	0
3	2	CLG	Xmithie	Jungle	Nunu	1	3	16	NA	1	0
3	2	CLG	Pobelter	Mid	Azir	6	5	4	NA	1	0
3	2	CLG	Doublelift	ADC	Sivir	7	2	10	NA	1	0
3	2	CLG	Aphromoo	Support	Bard	2	2	11	NA	1	0
3	2	TL	Quas	Top	Hecarim	6	4	1	NA	1	0
3	2	TL	IWillDominate	Jungle	Sejuani	0	2	10	NA	1	0
3	2	TL	FeniX	Mid	LeBlanc	3	2	3	NA	1	0
3	2	TL	Piglet	ADC	Tristana	1	1	6	NA	1	0
3	2	TL	Xpecial	Support	Nautilus	2	2	9	NA	1	0
3	2	T8	CaliTrlolz	Top	Fizz	2	3	3	NA	0	1
3	2	T8	Porpoise	Jungle	Nunu	0	3	6	NA	0	1
3	2	T8	Slooshi	Mid	Azir	1	7	6	NA	0	1
3	2	T8	Nien	ADC	Corki	2	5	6	NA	0	1
3	2	T8	Dodo	Support	Alistar	4	3	5	NA	0	1
3	2	TDK	Seraph	Top	Vladimir	5	5	4	NA	0	1
3	2	TDK	Kez	Jungle	Gragas	3	3	7	NA	0	1
3	2	TDK	Bischu	Mid	Yasuo	1	7	9	NA	0	1
3	2	TDK	Lattman	ADC	Corki	3	5	7	NA	0	1
3	2	TDK	Smoothie	Support	Malphite	2	6	5	NA	0	1
3	2	NME	Flaresz	Top	Hecarim	2	7	7	NA	0	1
3	2	NME	Trashy	Jungle	Rek'Sai	1	2	10	NA	0	1
3	2	NME	InnoX	Mid	Xerath	4	2	5	NA	0	1
3	2	NME	otter	ADC	Vayne	7	3	6	NA	0	1
3	2	NME	Bodydrop	Support	Janna	1	5	8	NA	0	1
3	2	DIG	Gamsu	Top	Maokai	0	3	3	NA	0	1
3	2	DIG	Helios	Jungle	Rek'Sai	1	5	0	NA	0	1
3	2	DIG	Shiptur	Mid	Azir	1	2	0	NA	0	1
3	2	DIG	Core JJ	ADC	Kalista	1	3	1	NA	0	1
3	2	DIG	KiWiKiD	Support	Annie	1	4	1	NA	0	1
3	2	TIP	Impact	Top	Rumble	1	3	4	NA	0	1
3	2	TIP	Rush	Jungle	Lee Sin	4	3	4	NA	0	1
3	2	TIP	XiaoWeiXiao	Mid	Kassadin	1	1	4	NA	0	1
3	2	TIP	Apollo	ADC	Kalista	3	3	5	NA	0	1
3	2	TIP	Adrian	Support	Annie	1	2	8	NA	0	1
3	2	GV	Hauntzer	Top	Rumble	7	2	3	NA	1	0
3	2	GV	Move	Jungle	Gragas	1	0	9	NA	1	0
3	2	GV	Keane	Mid	Jarvan IV	3	1	9	NA	1	0
3	2	GV	Altec	ADC	Tristana	6	1	7	NA	1	0
3	2	GV	Bunny FuFuu	Support	Nautilus	0	1	14	NA	1	0
4	1	TSM	Dyrus	Top	Gnar	3	0	6	NA	1	0
4	1	TSM	Santorin	Jungle	Rek'Sai	2	0	5	NA	1	0
4	1	TSM	Bjergsen	Mid	Azir	6	3	4	NA	1	0
4	1	TSM	WildTurtle	ADC	Corki	2	2	9	NA	1	0
4	1	TSM	Lustboy	Support	Alistar	0	5	8	NA	1	0
4	1	C9	Balls	Top	Maokai	1	3	2	NA	0	1
4	1	C9	Meteos	Jungle	Nidalee	1	2	0	NA	0	1
4	1	C9	Incarnati0n	Mid	Azir	0	2	3	NA	0	1
4	1	C9	Sneaky	ADC	Sivir	1	1	2	NA	0	1
4	1	C9	LemonNation	Support	Thresh	0	3	3	NA	0	1
4	1	CLG	ZionSpartan	Top	Gnar	4	2	12	NA	1	0
4	1	CLG	Xmithie	Jungle	Gragas	5	0	9	NA	1	0
4	1	CLG	Pobelter	Mid	Kog'Maw	9	2	9	NA	1	0
4	1	CLG	Doublelift	ADC	Kalista	5	4	9	NA	1	0
4	1	CLG	Aphromoo	Support	Alistar	1	5	11	NA	1	0
4	1	TL	Quas	Top	Rumble	5	4	4	NA	0	1
4	1	TL	IWillDominate	Jungle	Sejuani	1	2	7	NA	0	1
4	1	TL	FeniX	Mid	Jayce	1	2	6	NA	0	1
4	1	TL	Piglet	ADC	Kalista	0	1	6	NA	0	1
4	1	TL	Xpecial	Support	Annie	3	4	6	NA	0	1
4	1	T8	CaliTrlolz	Top	Hecarim	2	2	2	NA	0	1
4	1	T8	Porpoise	Jungle	Gragas	1	4	6	NA	0	1
4	1	T8	Goldenglue	Mid	Viktor	1	5	2	NA	0	1
4	1	T8	Nien	ADC	Sivir	2	5	2	NA	0	1
4	1	T8	Dodo	Support	Nautilus	1	7	4	NA	0	1
4	1	TDK	Seraph	Top	Rumble	3	8	4	NA	0	1
4	1	TDK	Kez	Jungle	Rek'Sai	1	4	6	NA	0	1
4	1	TDK	mancloud	Mid	Azir	2	4	5	NA	0	1
4	1	TDK	Lattman	ADC	Corki	6	3	3	NA	0	1
4	1	TDK	Smoothie	Support	Nautilus	1	5	7	NA	0	1
4	1	NME	Flaresz	Top	Rumble	2	1	7	NA	1	0
4	1	NME	Trashy	Jungle	Sejuani	1	0	8	NA	1	0
4	1	NME	InnoX	Mid	Jayce	3	0	6	NA	1	0
4	1	NME	otter	ADC	Jinx	4	0	7	NA	1	0
4	1	NME	Bodydrop	Support	Annie	1	2	8	NA	1	0
4	1	DIG	Gamsu	Top	Hecarim	11	0	10	NA	1	0
4	1	DIG	Helios	Jungle	Xin Zhao	4	4	9	NA	1	0
4	1	DIG	Shiptur	Mid	Twisted Fate	3	1	11	NA	1	0
4	1	DIG	Core JJ	ADC	Corki	3	1	10	NA	1	0
4	1	DIG	KiWiKiD	Support	Alistar	0	3	14	NA	1	0
4	1	TIP	Impact	Top	Ekko	4	3	2	NA	0	1
4	1	TIP	Rush	Jungle	Rek'Sai	0	5	5	NA	0	1
4	1	TIP	XiaoWeiXiao	Mid	Varus	1	4	5	NA	0	1
4	1	TIP	Apollo	ADC	Graves	4	5	1	NA	0	1
4	1	TIP	Adrian	Support	Janna	0	4	7	NA	0	1
4	1	GV	Hauntzer	Top	Ekko	9	2	6	NA	1	0
4	1	GV	Move	Jungle	Rek'Sai	1	0	12	NA	1	0
4	1	GV	Keane	Mid	Urgot	5	2	6	NA	1	0
4	1	GV	Altec	ADC	Vayne	4	3	9	NA	1	0
4	1	GV	Bunny FuFuu	Support	Thresh	4	0	15	NA	1	0
4	2	TSM	Dyrus	Top	Gnar	2	1	11	NA	1	0
4	2	TSM	Santorin	Jungle	Rek'Sai	3	1	15	NA	1	0
4	2	TSM	Bjergsen	Mid	Azir	10	4	9	NA	1	0
4	2	TSM	WildTurtle	ADC	Kalista	5	7	9	NA	1	0
4	2	TSM	Lustboy	Support	Annie	6	6	10	NA	1	0
4	2	C9	Balls	Top	Fizz	8	8	6	NA	0	1
4	2	C9	Meteos	Jungle	Ekko	1	3	7	NA	0	1
4	2	C9	Incarnati0n	Mid	Azir	3	4	8	NA	0	1
4	2	C9	Sneaky	ADC	Sivir	4	3	10	NA	0	1
4	2	C9	LemonNation	Support	Nautilus	1	6	10	NA	0	1
4	2	CLG	ZionSpartan	Top	Gnar	4	3	14	NA	1	0
4	2	CLG	Xmithie	Jungle	Rek'Sai	3	2	20	NA	1	0
4	2	CLG	Pobelter	Mid	Kog'Maw	5	4	12	NA	1	0
4	2	CLG	Doublelift	ADC	Ashe	11	4	8	NA	1	0
4	2	CLG	Aphromoo	Support	Alistar	1	4	19	NA	1	0
4	2	TL	Quas	Top	Rumble	5	5	7	NA	0	1
4	2	TL	IWillDominate	Jungle	Sejuani	0	4	3	NA	0	1
4	2	TL	FeniX	Mid	Jayce	4	4	9	NA	0	1
4	2	TL	Piglet	ADC	Kalista	5	3	4	NA	0	1
4	2	TL	Xpecial	Support	Thresh	0	4	13	NA	0	1
4	2	T8	CaliTrlolz	Top	Rumble	4	4	7	NA	1	0
4	2	T8	Porpoise	Jungle	Gragas	4	3	15	NA	1	0
4	2	T8	Goldenglue	Mid	Varus	5	5	16	NA	1	0
4	2	T8	Nien	ADC	Kalista	10	2	13	NA	1	0
4	2	T8	Dodo	Support	Thresh	1	5	19	NA	1	0
4	2	TDK	Seraph	Top	Irelia	5	4	6	NA	0	1
4	2	TDK	Kez	Jungle	Evelynn	3	5	12	NA	0	1
4	2	TDK	mancloud	Mid	Azir	8	3	7	NA	0	1
4	2	TDK	Lattman	ADC	Corki	3	7	13	NA	0	1
4	2	TDK	Smoothie	Support	Alistar	0	5	15	NA	0	1
4	2	NME	Flaresz	Top	Hecarim	3	6	9	NA	0	1
4	2	NME	Trashy	Jungle	Rek'Sai	5	4	11	NA	0	1
4	2	NME	InnoX	Mid	Nidalee	5	3	8	NA	0	1
4	2	NME	otter	ADC	Kalista	5	4	5	NA	0	1
4	2	NME	Bodydrop	Support	Thresh	0	6	12	NA	0	1
4	2	DIG	Gamsu	Top	Jarvan IV	6	4	12	NA	1	0
4	2	DIG	Helios	Jungle	Rek'Sai	2	2	12	NA	1	0
4	2	DIG	Shiptur	Mid	Lulu	6	3	8	NA	1	0
4	2	DIG	Core JJ	ADC	Corki	5	2	9	NA	1	0
4	2	DIG	KiWiKiD	Support	Nautilus	1	3	14	NA	1	0
4	2	TIP	Impact	Top	Rumble	7	6	11	NA	1	0
4	2	TIP	Rush	Jungle	Gragas	2	2	17	NA	1	0
4	2	TIP	XiaoWeiXiao	Mid	Yasuo	4	5	11	NA	1	0
4	2	TIP	Apollo	ADC	Corki	7	1	10	NA	1	0
4	2	TIP	Adrian	Support	Nautilus	3	4	13	NA	1	0
4	2	GV	Hauntzer	Top	Rumble	7	3	6	NA	0	1
4	2	GV	Move	Jungle	Xin Zhao	3	4	6	NA	0	1
4	2	GV	Keane	Mid	Urgot	0	9	11	NA	0	1
4	2	GV	Altec	ADC	Tristana	8	3	4	NA	0	1
4	2	GV	Bunny FuFuu	Support	Thresh	1	7	10	NA	0	1
5	1	TSM	Dyrus	Top	Gnar	1	1	5	NA	1	0
5	1	TSM	Santorin	Jungle	Jarvan IV	2	1	12	NA	1	0
5	1	TSM	Bjergsen	Mid	Azir	4	3	7	NA	1	0
5	1	TSM	WildTurtle	ADC	Kalista	7	1	2	NA	1	0
5	1	TSM	Lustboy	Support	Thresh	0	4	9	NA	1	0
5	1	C9	Balls	Top	Fizz	9	2	3	NA	1	0
5	1	C9	Meteos	Jungle	Rek'Sai	1	1	17	NA	1	0
5	1	C9	Incarnati0n	Mid	Viktor	5	1	8	NA	1	0
5	1	C9	Sneaky	ADC	Ashe	3	2	8	NA	1	0
5	1	C9	LemonNation	Support	Annie	2	2	10	NA	1	0
5	1	CLG	ZionSpartan	Top	Gnar	0	3	5	NA	0	1
5	1	CLG	Xmithie	Jungle	Evelynn	0	6	3	NA	0	1
5	1	CLG	Pobelter	Mid	Twisted Fate	3	3	0	NA	0	1
5	1	CLG	Doublelift	ADC	Ashe	3	4	3	NA	0	1
5	1	CLG	Aphromoo	Support	Bard	0	4	5	NA	0	1
5	1	TL	Quas	Top	Sion	3	2	10	NA	1	0
5	1	TL	IWillDominate	Jungle	Ekko	2	1	10	NA	1	0
5	1	TL	FeniX	Mid	Azir	11	0	5	NA	1	0
5	1	TL	Piglet	ADC	Sivir	3	1	8	NA	1	0
5	1	TL	Xpecial	Support	Annie	1	2	9	NA	1	0
5	1	T8	CaliTrlolz	Top	Shen	2	3	5	NA	0	1
5	1	T8	Porpoise	Jungle	Nocturne	2	3	5	NA	0	1
5	1	T8	Goldenglue	Mid	Viktor	2	1	3	NA	0	1
5	1	T8	Nien	ADC	Sivir	2	3	4	NA	0	1
5	1	T8	Dodo	Support	Annie	2	4	5	NA	0	1
5	1	TDK	Seraph	Top	Gnar	4	0	0	NA	0	1
5	1	TDK	Kez	Jungle	Ekko	1	5	5	NA	0	1
5	1	TDK	mancloud	Mid	Azir	2	4	5	NA	0	1
5	1	TDK	Lattman	ADC	Sivir	0	5	5	NA	0	1
5	1	TDK	Smoothie	Support	Thresh	1	6	4	NA	0	1
5	1	NME	Flaresz	Top	Rumble	1	5	4	NA	0	1
5	1	NME	Trashy	Jungle	Sejuani	1	2	3	NA	0	1
5	1	NME	InnoX	Mid	Jayce	1	3	3	NA	0	1
5	1	NME	otter	ADC	Jinx	2	1	3	NA	0	1
5	1	NME	Bodydrop	Support	Annie	1	6	3	NA	0	1
5	1	DIG	Gamsu	Top	Hecarim	5	3	11	NA	1	0
5	1	DIG	Helios	Jungle	Rek'Sai	1	1	8	NA	1	0
5	1	DIG	Shiptur	Mid	Azir	2	0	6	NA	1	0
5	1	DIG	Core JJ	ADC	Sivir	6	0	10	NA	1	0
5	1	DIG	KiWiKiD	Support	Nautilus	3	2	9	NA	1	0
5	1	TIP	Impact	Top	Maokai	4	2	13	NA	0	1
5	1	TIP	Rush	Jungle	Nocturne	4	2	15	NA	0	1
5	1	TIP	XiaoWeiXiao	Mid	Kassadin	5	3	11	NA	0	1
5	1	TIP	Apollo	ADC	Sivir	5	5	13	NA	0	1
5	1	TIP	Adrian	Support	Nautilus	1	6	15	NA	0	1
5	1	GV	Hauntzer	Top	Rumble	6	5	12	NA	1	0
5	1	GV	Move	Jungle	Evelynn	2	4	8	NA	1	0
5	1	GV	Keane	Mid	Hecarim	3	6	12	NA	1	0
5	1	GV	Altec	ADC	Jinx	7	2	7	NA	1	0
5	1	GV	Bunny FuFuu	Support	Thresh	0	2	14	NA	1	0
5	2	TSM	Dyrus	Top	Rumble	4	2	8	NA	1	0
5	2	TSM	Santorin	Jungle	Jarvan IV	3	0	14	NA	1	0
5	2	TSM	Bjergsen	Mid	Azir	6	2	7	NA	1	0
5	2	TSM	WildTurtle	ADC	Tristana	6	1	4	NA	1	0
5	2	TSM	Lustboy	Support	Alistar	0	4	12	NA	1	0
5	2	C9	Balls	Top	Rumble	0	4	1	NA	0	1
5	2	C9	Meteos	Jungle	Nocturne	1	4	1	NA	0	1
5	2	C9	Incarnati0n	Mid	Viktor	1	6	1	NA	0	1
5	2	C9	Sneaky	ADC	Jinx	0	3	2	NA	0	1
5	2	C9	LemonNation	Support	Annie	1	6	1	NA	0	1
5	2	CLG	ZionSpartan	Top	Gnar	1	3	2	NA	0	1
5	2	CLG	Xmithie	Jungle	Evelynn	0	5	4	NA	0	1
5	2	CLG	Pobelter	Mid	Kog'Maw	1	3	4	NA	0	1
5	2	CLG	Doublelift	ADC	Sivir	5	5	1	NA	0	1
5	2	CLG	Aphromoo	Support	Thresh	2	3	4	NA	0	1
5	2	TL	Quas	Top	Gnar	0	3	6	NA	0	1
5	2	TL	IWillDominate	Jungle	Rek'Sai	1	4	4	NA	0	1
5	2	TL	FeniX	Mid	Viktor	3	2	5	NA	0	1
5	2	TL	Piglet	ADC	Vayne	5	1	2	NA	0	1
5	2	TL	Xpecial	Support	Alistar	0	2	5	NA	0	1
5	2	T8	CaliTrlolz	Top	Shen	4	3	16	NA	1	0
5	2	T8	Porpoise	Jungle	Rek'Sai	2	5	13	NA	1	0
5	2	T8	Goldenglue	Mid	Vladimir	3	3	15	NA	1	0
5	2	T8	Nien	ADC	Kalista	11	2	10	NA	1	0
5	2	T8	Dodo	Support	Morgana	4	5	14	NA	1	0
5	2	TDK	Seraph	Top	Vladimir	2	4	8	NA	0	1
5	2	TDK	Kez	Jungle	Gragas	3	2	10	NA	0	1
5	2	TDK	Ninja	Mid	Viktor	5	1	4	NA	0	1
5	2	TDK	Emperor	ADC	Sivir	5	1	10	NA	0	1
5	2	TDK	Smoothie	Support	Nautilus	1	2	13	NA	0	1
5	2	NME	Flaresz	Top	Nautilus	4	8	9	NA	0	1
5	2	NME	Trashy	Jungle	Olaf	2	5	13	NA	0	1
5	2	NME	InnoX	Mid	Varus	4	3	10	NA	0	1
5	2	NME	otter	ADC	Sivir	4	4	10	NA	0	1
5	2	NME	Bodydrop	Support	Annie	4	4	11	NA	0	1
5	2	DIG	Gamsu	Top	Hecarim	3	2	6	NA	1	0
5	2	DIG	Helios	Jungle	Rek'Sai	0	2	8	NA	1	0
5	2	DIG	Shiptur	Mid	Azir	5	2	2	NA	1	0
5	2	DIG	Core JJ	ADC	Corki	1	5	9	NA	1	0
5	2	DIG	KiWiKiD	Support	Thresh	1	5	7	NA	1	0
5	2	TIP	Impact	Top	Maokai	5	0	14	NA	1	0
5	2	TIP	Rush	Jungle	Lee Sin	7	0	11	NA	1	0
5	2	TIP	XiaoWeiXiao	Mid	Orianna	5	2	12	NA	1	0
5	2	TIP	Apollo	ADC	Sivir	5	0	13	NA	1	0
5	2	TIP	Adrian	Support	Alistar	1	1	17	NA	1	0
5	2	GV	Hauntzer	Top	Hecarim	0	4	5	NA	1	0
5	2	GV	Move	Jungle	Gragas	2	2	9	NA	1	0
5	2	GV	Keane	Mid	Orianna	2	0	10	NA	1	0
5	2	GV	Altec	ADC	Sivir	8	1	4	NA	1	0
5	2	GV	Bunny FuFuu	Support	Janna	0	2	11	NA	1	0
6	1	TSM	Dyrus	Top	Nautilus	2	2	14	NA	1	0
6	1	TSM	Santorin	Jungle	Gragas	2	1	14	NA	1	0
6	1	TSM	Bjergsen	Mid	Ezreal	11	3	3	NA	1	0
6	1	TSM	KEITHMCBRIEF	ADC	Sivir	4	3	13	NA	1	0
6	1	TSM	Lustboy	Support	Thresh	1	2	15	NA	1	0
6	1	C9	Balls	Top	Fizz	2	7	4	NA	0	1
6	1	C9	Hai	Jungle	Rek'Sai	2	2	4	NA	0	1
6	1	C9	Incarnati0n	Mid	Twisted Fate	4	7	7	NA	0	1
6	1	C9	Sneaky	ADC	Tristana	3	3	5	NA	0	1
6	1	C9	LemonNation	Support	Alistar	2	6	8	NA	0	1
6	1	CLG	ZionSpartan	Top	Rumble	0	3	1	NA	0	1
6	1	CLG	Xmithie	Jungle	Gragas	1	2	1	NA	0	1
6	1	CLG	Pobelter	Mid	Lulu	1	3	1	NA	0	1
6	1	CLG	Doublelift	ADC	Jinx	1	3	1	NA	0	1
6	1	CLG	Aphromoo	Support	Alistar	0	3	2	NA	0	1
6	1	TL	Quas	Top	Nautilus	2	3	15	NA	1	0
6	1	TL	IWillDominate	Jungle	Gragas	8	2	11	NA	1	0
6	1	TL	FeniX	Mid	Yasuo	6	3	13	NA	1	0
6	1	TL	Piglet	ADC	Corki	8	2	14	NA	1	0
6	1	TL	Xpecial	Support	Annie	1	3	18	NA	1	0
6	1	T8	CaliTrlolz	Top	Irelia	0	4	0	NA	0	1
6	1	T8	Porpoise	Jungle	Rek'Sai	0	3	2	NA	0	1
6	1	T8	Goldenglue	Mid	Kassadin	1	2	0	NA	0	1
6	1	T8	Nien	ADC	Sivir	1	1	1	NA	0	1
6	1	T8	Dodo	Support	Nautilus	0	6	2	NA	0	1
6	1	TDK	Seraph	Top	Lulu	0	3	5	NA	0	1
6	1	TDK	Kez	Jungle	Evelynn	4	3	4	NA	0	1
6	1	TDK	Ninja	Mid	Viktor	3	4	5	NA	0	1
6	1	TDK	Emperor	ADC	Tristana	4	4	2	NA	0	1
6	1	TDK	Smoothie	Support	Alistar	0	6	8	NA	0	1
6	1	NME	Flaresz	Top	Shen	0	3	1	NA	0	1
6	1	NME	Trashy	Jungle	Gragas	0	3	2	NA	0	1
6	1	NME	InnoX	Mid	Ezreal	2	3	0	NA	0	1
6	1	NME	otter	ADC	Corki	1	2	0	NA	0	1
6	1	NME	Bodydrop	Support	Braum	0	4	2	NA	0	1
6	1	DIG	Gamsu	Top	Shen	1	0	10	NA	1	0
6	1	DIG	Helios	Jungle	Evelynn	3	0	9	NA	1	0
6	1	DIG	Shiptur	Mid	Diana	6	0	6	NA	1	0
6	1	DIG	Core JJ	ADC	Ezreal	5	0	9	NA	1	0
6	1	DIG	KiWiKiD	Support	Annie	1	2	8	NA	1	0
6	1	TIP	Impact	Top	Nautilus	0	3	1	NA	1	0
6	1	TIP	Rush	Jungle	Nidalee	0	3	2	NA	1	0
6	1	TIP	XiaoWeiXiao	Mid	Ahri	2	3	0	NA	1	0
6	1	TIP	Apollo	ADC	Graves	1	2	0	NA	1	0
6	1	TIP	Adrian	Support	Alistar	0	4	2	NA	1	0
6	1	GV	Hauntzer	Top	Nautilus	3	0	11	NA	1	0
6	1	GV	Move	Jungle	Nidalee	5	0	6	NA	1	0
6	1	GV	Keane	Mid	Orianna	3	0	10	NA	1	0
6	1	GV	Altec	ADC	Sivir	3	1	5	NA	1	0
6	1	GV	Bunny FuFuu	Support	Shen	0	2	9	NA	1	0
6	2	TSM	Dyrus	Top	Gnar	0	2	2	NA	0	1
6	2	TSM	Santorin	Jungle	Gragas	0	0	2	NA	0	1
6	2	TSM	Bjergsen	Mid	Ezreal	1	1	1	NA	0	1
6	2	TSM	WildTurtle	ADC	Corki	1	3	2	NA	0	1
6	2	TSM	Lustboy	Support	Annie	1	2	2	NA	0	1
6	2	C9	Balls	Top	Rumble	3	5	1	NA	0	1
6	2	C9	Hai	Jungle	Lee Sin	0	2	4	NA	0	1
6	2	C9	Incarnati0n	Mid	Zed	2	2	0	NA	0	1
6	2	C9	Sneaky	ADC	Corki	2	2	2	NA	0	1
6	2	C9	LemonNation	Support	Alistar	0	4	3	NA	0	1
6	2	CLG	ZionSpartan	Top	Rumble	3	4	2	NA	0	1
6	2	CLG	Xmithie	Jungle	Gragas	1	3	6	NA	0	1
6	2	CLG	Pobelter	Mid	Lulu	1	0	7	NA	0	1
6	2	CLG	Doublelift	ADC	Jinx	6	3	5	NA	0	1
6	2	CLG	Aphromoo	Support	Morgana	1	4	10	NA	0	1
6	2	TL	Quas	Top	Maokai	0	0	8	NA	1	0
6	2	TL	IWillDominate	Jungle	Rek'Sai	0	0	6	NA	1	0
6	2	TL	FeniX	Mid	Twisted Fate	4	1	5	NA	1	0
6	2	TL	Piglet	ADC	Sivir	6	0	3	NA	1	0
6	2	TL	Xpecial	Support	Thresh	0	1	9	NA	1	0
6	2	T8	CaliTrlolz	Top	Shen	1	1	9	NA	1	0
6	2	T8	Porpoise	Jungle	Jarvan IV	0	1	12	NA	1	0
6	2	T8	Goldenglue	Mid	Ezreal	5	0	7	NA	1	0
6	2	T8	Nien	ADC	Graves	7	2	4	NA	1	0
6	2	T8	Dodo	Support	Thresh	2	3	10	NA	1	0
6	2	TDK	Seraph	Top	Rumble	4	6	2	NA	0	1
6	2	TDK	Kez	Jungle	Gragas	0	2	8	NA	0	1
6	2	TDK	Ninja	Mid	Diana	6	5	7	NA	0	1
6	2	TDK	Emperor	ADC	Tristana	5	5	3	NA	0	1
6	2	TDK	Smoothie	Support	Nautilus	1	7	10	NA	0	1
6	2	NME	Flaresz	Top	Shen	3	2	12	NA	1	0
6	2	NME	Trashy	Jungle	Rek'Sai	7	2	16	NA	1	0
6	2	NME	InnoX	Mid	Ahri	7	4	11	NA	1	0
6	2	NME	otter	ADC	Kalista	7	4	12	NA	1	0
6	2	NME	Bodydrop	Support	Annie	1	4	18	NA	1	0
6	2	DIG	Gamsu	Top	Shen	0	1	1	NA	0	1
6	2	DIG	Helios	Jungle	Evelynn	1	3	1	NA	0	1
6	2	DIG	Shiptur	Mid	Ezreal	1	1	0	NA	0	1
6	2	DIG	Core JJ	ADC	Varus	0	2	1	NA	0	1
6	2	DIG	KiWiKiD	Support	Alistar	0	3	2	NA	0	1
6	2	TIP	Impact	Top	Gnar	2	2	6	NA	1	0
6	2	TIP	Rush	Jungle	Nidalee	3	5	5	NA	1	0
6	2	TIP	XiaoWeiXiao	Mid	Ezreal	5	3	6	NA	1	0
6	2	TIP	Apollo	ADC	Sivir	3	0	7	NA	1	0
6	2	TIP	Adrian	Support	Janna	1	2	11	NA	1	0
6	2	GV	Hauntzer	Top	Maokai	2	0	4	NA	1	0
6	2	GV	Move	Jungle	Nidalee	1	1	5	NA	1	0
6	2	GV	Keane	Mid	Jarvan IV	3	1	2	NA	1	0
6	2	GV	Altec	ADC	Sivir	1	1	5	NA	1	0
6	2	GV	Bunny FuFuu	Support	Shen	1	0	5	NA	1	0
7	1	TSM	Dyrus	Top	Nautilus	0	4	3	NA	0	1
7	1	TSM	Santorin	Jungle	Vi	1	2	5	NA	0	1
7	1	TSM	Bjergsen	Mid	Ezreal	4	1	0	NA	0	1
7	1	TSM	WildTurtle	ADC	Jinx	1	3	4	NA	0	1
7	1	TSM	Lustboy	Support	Shen	0	3	4	NA	0	1
7	1	C9	Balls	Top	Rumble	2	5	7	NA	0	1
7	1	C9	Hai	Jungle	Rek'Sai	0	4	9	NA	0	1
7	1	C9	Incarnati0n	Mid	Viktor	4	4	3	NA	0	1
7	1	C9	Sneaky	ADC	Vayne	5	3	3	NA	0	1
7	1	C9	LemonNation	Support	Braum	0	3	5	NA	0	1
7	1	CLG	ZionSpartan	Top	Fizz	6	0	3	NA	1	0
7	1	CLG	Xmithie	Jungle	Gragas	2	0	10	NA	1	0
7	1	CLG	Pobelter	Mid	Orianna	4	0	6	NA	1	0
7	1	CLG	Doublelift	ADC	Tristana	3	1	9	NA	1	0
7	1	CLG	Aphromoo	Support	Janna	0	0	12	NA	1	0
7	1	TL	Quas	Top	Gnar	2	0	9	NA	1	0
7	1	TL	IWillDominate	Jungle	Gragas	3	3	9	NA	1	0
7	1	TL	FeniX	Mid	Azir	7	1	9	NA	1	0
7	1	TL	Piglet	ADC	Sivir	7	2	10	NA	1	0
7	1	TL	Xpecial	Support	Janna	0	3	15	NA	1	0
7	1	T8	CaliTrlolz	Top	Maokai	3	2	4	NA	1	0
7	1	T8	Porpoise	Jungle	Gragas	0	1	11	NA	1	0
7	1	T8	Goldenglue	Mid	Azir	2	1	8	NA	1	0
7	1	T8	Nien	ADC	Kalista	7	1	6	NA	1	0
7	1	T8	Dodo	Support	Thresh	1	1	10	NA	1	0
7	1	TDK	Seraph	Top	Maokai	0	4	6	NA	0	1
7	1	TDK	Kez	Jungle	Rek'Sai	0	4	7	NA	0	1
7	1	TDK	Ninja	Mid	Ezreal	5	3	2	NA	0	1
7	1	TDK	Emperor	ADC	Vayne	3	4	4	NA	0	1
7	1	TDK	Smoothie	Support	Alistar	1	4	7	NA	0	1
7	1	NME	Flaresz	Top	Nautilus	0	5	0	NA	0	1
7	1	NME	Trashy	Jungle	Rek'Sai	1	2	0	NA	0	1
7	1	NME	InnoX	Mid	Ezreal	0	2	1	NA	0	1
7	1	NME	otter	ADC	Corki	0	3	0	NA	0	1
7	1	NME	Bodydrop	Support	Braum	0	3	0	NA	0	1
7	1	DIG	Gamsu	Top	Rumble	1	5	4	NA	0	1
7	1	DIG	Helios	Jungle	Jarvan IV	1	6	8	NA	0	1
7	1	DIG	Shiptur	Mid	Varus	2	5	3	NA	0	1
7	1	DIG	Core JJ	ADC	Corki	3	2	5	NA	0	1
7	1	DIG	KiWiKiD	Support	Alistar	2	6	5	NA	0	1
7	1	TIP	Impact	Top	Gnar	3	1	13	NA	1	0
7	1	TIP	Rush	Jungle	Lee Sin	8	2	13	NA	1	0
7	1	TIP	XiaoWeiXiao	Mid	Twisted Fate	3	2	15	NA	1	0
7	1	TIP	Apollo	ADC	Sivir	8	1	10	NA	1	0
7	1	TIP	Adrian	Support	Shen	2	3	19	NA	1	0
7	1	GV	Hauntzer	Top	Maokai	3	1	9	NA	1	0
7	1	GV	Move	Jungle	Nidalee	8	1	7	NA	1	0
7	1	GV	Keane	Mid	Urgot	4	3	9	NA	1	0
7	1	GV	Altec	ADC	Sivir	3	1	9	NA	1	0
7	1	GV	Bunny FuFuu	Support	Shen	1	5	16	NA	1	0
7	2	TSM	Dyrus	Top	Maokai	2	4	8	NA	0	1
7	2	TSM	Santorin	Jungle	Gragas	1	3	11	NA	0	1
7	2	TSM	Bjergsen	Mid	Orianna	3	3	6	NA	0	1
7	2	TSM	WildTurtle	ADC	Jinx	6	3	5	NA	0	1
7	2	TSM	Lustboy	Support	Shen	0	3	10	NA	0	1
7	2	C9	Balls	Top	Maokai	0	0	14	NA	1	0
7	2	C9	Hai	Jungle	Rengar	4	1	7	NA	1	0
7	2	C9	Incarnati0n	Mid	Orianna	4	0	12	NA	1	0
7	2	C9	Sneaky	ADC	Kalista	9	0	4	NA	1	0
7	2	C9	LemonNation	Support	Karma	1	0	17	NA	1	0
7	2	CLG	ZionSpartan	Top	Fizz	5	5	5	NA	1	0
7	2	CLG	Xmithie	Jungle	Nautilus	0	5	10	NA	1	0
7	2	CLG	Pobelter	Mid	Twisted Fate	3	3	7	NA	1	0
7	2	CLG	Doublelift	ADC	Tristana	13	2	3	NA	1	0
7	2	CLG	Aphromoo	Support	Janna	0	2	18	NA	1	0
7	2	TL	Quas	Top	Nautilus	1	4	10	NA	1	0
7	2	TL	IWillDominate	Jungle	Rek'Sai	1	4	14	NA	1	0
7	2	TL	FeniX	Mid	Azir	8	2	6	NA	1	0
7	2	TL	Piglet	ADC	Corki	6	0	10	NA	1	0
7	2	TL	Xpecial	Support	Annie	0	2	16	NA	1	0
7	2	T8	CaliTrlolz	Top	Nautilus	1	4	6	NA	0	1
7	2	T8	Porpoise	Jungle	Gragas	1	2	6	NA	0	1
7	2	T8	Goldenglue	Mid	Twisted Fate	3	4	3	NA	0	1
7	2	T8	Nien	ADC	Jinx	2	3	2	NA	0	1
7	2	T8	Dodo	Support	Shen	0	4	5	NA	0	1
7	2	TDK	Seraph	Top	Maokai	0	4	9	NA	0	1
7	2	TDK	Kez	Jungle	Evelynn	0	7	9	NA	0	1
7	2	TDK	Ninja	Mid	Ahri	8	4	5	NA	0	1
7	2	TDK	Emperor	ADC	Vayne	9	3	4	NA	0	1
7	2	TDK	Smoothie	Support	Alistar	0	3	10	NA	0	1
7	2	NME	Flaresz	Top	Irelia	1	5	2	NA	0	1
7	2	NME	Trashy	Jungle	Gragas	0	2	3	NA	0	1
7	2	NME	InnoX	Mid	Ahri	3	2	0	NA	0	1
7	2	NME	otter	ADC	Kog'Maw	1	4	2	NA	0	1
7	2	NME	Bodydrop	Support	Janna	0	2	3	NA	0	1
7	2	DIG	Gamsu	Top	Jarvan IV	0	4	1	NA	0	1
7	2	DIG	Helios	Jungle	Lee Sin	0	3	0	NA	0	1
7	2	DIG	Shiptur	Mid	Diana	1	5	0	NA	0	1
7	2	DIG	Core JJ	ADC	Sivir	0	2	1	NA	0	1
7	2	DIG	KiWiKiD	Support	Nautilus	0	4	0	NA	0	1
7	2	TIP	Impact	Top	Ryze	4	2	6	NA	1	0
7	2	TIP	Rush	Jungle	Lee Sin	1	2	13	NA	1	0
7	2	TIP	XiaoWeiXiao	Mid	Ahri	3	2	9	NA	1	0
7	2	TIP	Apollo	ADC	Corki	7	0	10	NA	1	0
7	2	TIP	Adrian	Support	Alistar	2	1	15	NA	1	0
7	2	GV	Hauntzer	Top	Maokai	2	0	12	NA	1	0
7	2	GV	Move	Jungle	Rek'Sai	1	2	9	NA	1	0
7	2	GV	Keane	Mid	Azir	5	1	4	NA	1	0
7	2	GV	Altec	ADC	Tristana	7	1	3	NA	1	0
7	2	GV	Bunny FuFuu	Support	Braum	0	1	11	NA	1	0
8	1	TSM	Dyrus	Top	Shen	1	2	2	NA	0	1
8	1	TSM	Santorin	Jungle	Gragas	0	2	2	NA	0	1
8	1	TSM	Bjergsen	Mid	Twisted Fate	3	2	1	NA	0	1
8	1	TSM	WildTurtle	ADC	Corki	0	4	1	NA	0	1
8	1	TSM	Lustboy	Support	Annie	0	2	3	NA	0	1
8	1	C9	Balls	Top	Rumble	2	3	13	NA	1	0
8	1	C9	Hai	Jungle	Shyvana	3	3	8	NA	1	0
8	1	C9	Incarnati0n	Mid	Ahri	9	0	3	NA	1	0
8	1	C9	Sneaky	ADC	Kalista	2	2	11	NA	1	0
8	1	C9	LemonNation	Support	Braum	4	2	13	NA	1	0
8	1	CLG	ZionSpartan	Top	Fizz	3	1	1	NA	1	0
8	1	CLG	Xmithie	Jungle	Gragas	0	0	4	NA	1	0
8	1	CLG	Pobelter	Mid	Ezreal	1	3	1	NA	1	0
8	1	CLG	Doublelift	ADC	Tristana	3	0	1	NA	1	0
8	1	CLG	Aphromoo	Support	Alistar	1	1	5	NA	1	0
8	1	TL	Quas	Top	Hecarim	2	3	2	NA	0	1
8	1	TL	IWillDominate	Jungle	Rek'Sai	1	1	3	NA	0	1
8	1	TL	FeniX	Mid	Viktor	1	2	4	NA	0	1
8	1	TL	Piglet	ADC	Corki	1	1	1	NA	0	1
8	1	TL	Xpecial	Support	Janna	0	1	4	NA	0	1
8	1	T8	CaliTrlolz	Top	Maokai	3	3	13	NA	1	0
8	1	T8	Porpoise	Jungle	Gragas	3	2	18	NA	1	0
8	1	T8	Goldenglue	Mid	Varus	7	2	12	NA	1	0
8	1	T8	Nien	ADC	Corki	12	1	8	NA	1	0
8	1	T8	Dodo	Support	Alistar	0	4	21	NA	1	0
8	1	TDK	Seraph	Top	Rumble	4	7	7	NA	0	1
8	1	TDK	Kez	Jungle	Evelynn	0	3	9	NA	0	1
8	1	TDK	Ninja	Mid	Jayce	3	4	6	NA	0	1
8	1	TDK	Emperor	ADC	Tristana	5	4	6	NA	0	1
8	1	TDK	Smoothie	Support	Braum	0	7	10	NA	0	1
8	1	NME	Flaresz	Top	Maokai	2	7	4	NA	0	1
8	1	NME	Trashy	Jungle	Evelynn	1	2	6	NA	0	1
8	1	NME	InnoX	Mid	Master Yi	2	3	5	NA	0	1
8	1	NME	otter	ADC	Corki	4	3	3	NA	0	1
8	1	NME	Bodydrop	Support	Alistar	1	5	4	NA	0	1
8	1	DIG	Gamsu	Top	Gnar	3	4	15	NA	1	0
8	1	DIG	Helios	Jungle	Rek'Sai	2	3	20	NA	1	0
8	1	DIG	Shiptur	Mid	Ahri	12	1	12	NA	1	0
8	1	DIG	Core JJ	ADC	Corki	9	2	14	NA	1	0
8	1	DIG	KiWiKiD	Support	Thresh	0	4	21	NA	1	0
8	1	TIP	Impact	Top	Maokai	3	4	9	NA	1	0
8	1	TIP	Rush	Jungle	Nidalee	3	0	7	NA	1	0
8	1	TIP	XiaoWeiXiao	Mid	Orianna	3	0	6	NA	1	0
8	1	TIP	Apollo	ADC	Kog'Maw	3	0	8	NA	1	0
8	1	TIP	Adrian	Support	Janna	0	0	12	NA	1	0
8	1	GV	Hauntzer	Top	Shen	3	5	10	NA	0	1
8	1	GV	Move	Jungle	Vi	1	6	8	NA	0	1
8	1	GV	Keane	Mid	Rumble	3	6	8	NA	0	1
8	1	GV	Altec	ADC	Tristana	7	2	5	NA	0	1
8	1	GV	Bunny FuFuu	Support	Braum	0	7	9	NA	0	1
8	2	TSM	Dyrus	Top	Maokai	0	0	7	NA	1	0
8	2	TSM	Santorin	Jungle	Gragas	1	1	6	NA	1	0
8	2	TSM	Bjergsen	Mid	Kog'Maw	4	0	5	NA	1	0
8	2	TSM	WildTurtle	ADC	Tristana	5	0	4	NA	1	0
8	2	TSM	Lustboy	Support	Janna	0	0	10	NA	1	0
8	2	C9	Balls	Top	Maokai	1	5	12	NA	1	0
8	2	C9	Hai	Jungle	Nidalee	6	4	6	NA	0	1
8	2	C9	Incarnati0n	Mid	Orianna	6	4	10	NA	0	1
8	2	C9	Sneaky	ADC	Kalista	8	5	7	NA	0	1
8	2	C9	LemonNation	Support	Karma	0	4	14	NA	0	1
8	2	CLG	ZionSpartan	Top	Kennen	4	4	10	NA	1	0
8	2	CLG	Xmithie	Jungle	Gragas	3	3	12	NA	1	0
8	2	CLG	Pobelter	Mid	Azir	6	6	12	NA	1	0
8	2	CLG	Doublelift	ADC	Sivir	9	2	11	NA	1	0
8	2	CLG	Aphromoo	Support	Janna	0	6	19	NA	1	0
8	2	TL	Quas	Top	Maokai	0	1	15	NA	1	0
8	2	TL	IWillDominate	Jungle	Rek'Sai	3	0	11	NA	1	0
8	2	TL	FeniX	Mid	Twisted Fate	4	0	8	NA	1	0
8	2	TL	Piglet	ADC	Kalista	9	0	8	NA	1	0
8	2	TL	Xpecial	Support	Janna	1	0	16	NA	1	0
8	2	T8	CaliTrlolz	Top	Maokai	3	3	6	NA	0	1
8	2	T8	Porpoise	Jungle	Nidalee	3	4	6	NA	0	1
8	2	T8	Goldenglue	Mid	Azir	2	3	10	NA	0	1
8	2	T8	Nien	ADC	Tristana	5	2	5	NA	0	1
8	2	T8	Dodo	Support	Braum	0	4	11	NA	0	1
8	2	TDK	Seraph	Top	Vladimir	4	4	8	NA	0	1
8	2	TDK	Kez	Jungle	Elise	4	4	5	NA	0	1
8	2	TDK	Ninja	Mid	Syndra	6	4	5	NA	0	1
8	2	TDK	Emperor	ADC	Vayne	2	5	6	NA	0	1
8	2	TDK	Smoothie	Support	Bard	0	6	9	NA	0	1
8	2	NME	Flaresz	Top	Fizz	0	5	0	NA	0	1
8	2	NME	Trashy	Jungle	Gragas	1	3	0	NA	0	1
8	2	NME	InnoX	Mid	Yasuo	0	4	0	NA	0	1
8	2	NME	otter	ADC	Sivir	0	1	0	NA	0	1
8	2	NME	Bodydrop	Support	Nautilus	0	4	0	NA	0	1
8	2	DIG	Gamsu	Top	Rumble	1	1	0	NA	1	0
8	2	DIG	Helios	Jungle	Rek'Sai	0	2	1	NA	1	0
8	2	DIG	Shiptur	Mid	Viktor	0	2	1	NA	1	0
8	2	DIG	Core JJ	ADC	Jinx	0	2	1	NA	1	0
8	2	DIG	KiWiKiD	Support	Thresh	0	3	1	NA	1	0
8	2	TIP	Impact	Top	Shen	4	2	12	NA	1	0
8	2	TIP	Rush	Jungle	Lee Sin	5	5	13	NA	1	0
8	2	TIP	XiaoWeiXiao	Mid	Orianna	3	2	11	NA	1	0
8	2	TIP	Apollo	ADC	Sivir	10	2	7	NA	1	0
8	2	TIP	Gate	Support	Alistar	1	5	12	NA	1	0
8	2	GV	Hauntzer	Top	Gnar	3	2	10	NA	1	0
8	2	GV	Move	Jungle	Vi	1	7	7	NA	1	0
8	2	GV	Keane	Mid	Kog'Maw	6	2	6	NA	1	0
8	2	GV	Altec	ADC	Jinx	6	1	4	NA	1	0
8	2	GV	Bunny FuFuu	Support	Janna	0	1	15	NA	1	0
9	1	TSM	Dyrus	Top	Maokai	3	3	5	NA	1	0
9	1	TSM	Santorin	Jungle	Gragas	1	1	8	NA	1	0
9	1	TSM	Bjergsen	Mid	Kog'Maw	4	2	3	NA	1	0
9	1	TSM	WildTurtle	ADC	Tristana	3	1	2	NA	1	0
9	1	TSM	Lustboy	Support	Janna	0	1	11	NA	1	0
9	1	C9	Balls	Top	Maokai	0	5	7	NA	0	1
9	1	C9	Hai	Jungle	Nunu	2	5	6	NA	0	1
9	1	C9	Incarnati0n	Mid	Orianna	2	3	5	NA	0	1
9	1	C9	Sneaky	ADC	Tristana	5	4	4	NA	0	1
9	1	C9	LemonNation	Support	Karma	0	5	7	NA	0	1
9	1	CLG	ZionSpartan	Top	Olaf	5	2	8	NA	1	0
9	1	CLG	Xmithie	Jungle	Gragas	3	0	9	NA	1	0
9	1	CLG	Pobelter	Mid	Ezreal	2	1	11	NA	1	0
9	1	CLG	Doublelift	ADC	Tristana	9	3	7	NA	1	0
9	1	CLG	Aphromoo	Support	Alistar	1	3	16	NA	1	0
9	1	TL	Quas	Top	Maokai	4	2	5	NA	1	0
9	1	TL	IWillDominate	Jungle	Nidalee	1	1	4	NA	1	0
9	1	TL	FeniX	Mid	Orianna	2	1	6	NA	1	0
9	1	TL	Piglet	ADC	Kog'Maw	5	1	6	NA	1	0
9	1	TL	Xpecial	Support	Janna	0	1	10	NA	1	0
9	1	T8	CaliTrlolz	Top	Fizz	0	3	3	NA	0	1
9	1	T8	Porpoise	Jungle	Gragas	0	2	4	NA	0	1
9	1	T8	Goldenglue	Mid	Viktor	3	1	0	NA	0	1
9	1	T8	Nien	ADC	Corki	3	3	2	NA	0	1
9	1	T8	Dodo	Support	Braum	0	3	4	NA	0	1
9	1	TDK	Seraph	Top	Kha'Zix	7	2	6	NA	1	0
9	1	TDK	Kez	Jungle	Zac	1	3	11	NA	1	0
9	1	TDK	Ninja	Mid	Zed	6	3	8	NA	1	0
9	1	TDK	Emperor	ADC	Lucian	8	0	8	NA	1	0
9	1	TDK	Smoothie	Support	Thresh	0	1	14	NA	1	0
9	1	NME	Flaresz	Top	Nautilus	1	4	5	NA	0	1
9	1	NME	Trashy	Jungle	Nidalee	0	1	5	NA	0	1
9	1	NME	InnoX	Mid	Viktor	4	1	3	NA	0	1
9	1	NME	otter	ADC	Jinx	3	2	1	NA	0	1
9	1	NME	Bodydrop	Support	Morgana	0	3	6	NA	0	1
9	1	DIG	Gamsu	Top	Shen	2	3	5	NA	0	1
9	1	DIG	Helios	Jungle	Rek'Sai	0	7	2	NA	0	1
9	1	DIG	Shiptur	Mid	Lulu	3	4	2	NA	0	1
9	1	DIG	Core JJ	ADC	Kog'Maw	4	3	4	NA	0	1
9	1	DIG	KiWiKiD	Support	Braum	0	3	6	NA	0	1
9	1	TIP	Impact	Top	Shen	3	0	16	NA	1	0
9	1	TIP	Rush	Jungle	Evelynn	9	3	10	NA	1	0
9	1	TIP	Gate	Mid	Azir	4	1	8	NA	1	0
9	1	TIP	Apollo	ADC	Sivir	6	2	10	NA	1	0
9	1	TIP	Adrian	Support	Alistar	0	2	17	NA	1	0
9	1	GV	Hauntzer	Top	Maokai	3	4	4	NA	0	1
9	1	GV	Move	Jungle	Nidalee	3	5	5	NA	0	1
9	1	GV	Keane	Mid	Orianna	1	4	1	NA	0	1
9	1	GV	Altec	ADC	Lucian	1	5	6	NA	0	1
9	1	GV	Bunny FuFuu	Support	Janna	0	4	6	NA	0	1
9	2	TSM	Dyrus	Top	Shen	0	3	5	NA	0	1
9	2	TSM	Santorin	Jungle	Gragas	1	2	3	NA	0	1
9	2	TSM	Bjergsen	Mid	Viktor	2	2	1	NA	0	1
9	2	TSM	WildTurtle	ADC	Sivir	2	3	3	NA	0	1
9	2	TSM	Lustboy	Support	Annie	0	4	5	NA	0	1
9	2	C9	Balls	Top	Gnar	0	2	10	NA	1	0
9	2	C9	Hai	Jungle	Shyvana	1	1	7	NA	1	0
9	2	C9	Incarnati0n	Mid	Orianna	5	0	7	NA	1	0
9	2	C9	Sneaky	ADC	Tristana	7	1	5	NA	1	0
9	2	C9	LemonNation	Support	Karma	1	1	11	NA	1	0
9	2	CLG	ZionSpartan	Top	Olaf	11	3	4	NA	1	0
9	2	CLG	Xmithie	Jungle	Gragas	1	0	12	NA	1	0
9	2	CLG	Pobelter	Mid	Twisted Fate	0	3	7	NA	1	0
9	2	CLG	Doublelift	ADC	Ezreal	8	0	10	NA	1	0
9	2	CLG	Aphromoo	Support	Janna	1	0	17	NA	1	0
9	2	TL	Quas	Top	Maokai	5	4	15	NA	0	1
9	2	TL	IWillDominate	Jungle	Gragas	4	5	19	NA	0	1
9	2	TL	FeniX	Mid	Azir	8	6	12	NA	0	1
9	2	TL	Piglet	ADC	Sivir	7	4	13	NA	0	1
9	2	TL	Xpecial	Support	Annie	2	8	17	NA	0	1
9	2	T8	CaliTrlolz	Top	Rumble	1	7	4	NA	0	1
9	2	T8	Porpoise	Jungle	Rek'Sai	0	4	3	NA	0	1
9	2	T8	Goldenglue	Mid	Jayce	2	4	2	NA	0	1
9	2	T8	Nien	ADC	Corki	2	2	4	NA	0	1
9	2	T8	Dodo	Support	Alistar	1	4	4	NA	0	1
9	2	TDK	Seraph	Top	Kassadin	7	1	10	NA	1	0
9	2	TDK	Kez	Jungle	Elise	1	1	14	NA	1	0
9	2	TDK	Ninja	Mid	Irelia	7	1	7	NA	1	0
9	2	TDK	Emperor	ADC	Draven	5	2	6	NA	1	0
9	2	TDK	Smoothie	Support	Thresh	1	1	17	NA	1	0
9	2	NME	Flaresz	Top	Riven	0	9	1	NA	0	1
9	2	NME	Trashy	Jungle	Ekko	4	0	2	NA	0	1
9	2	NME	InnoX	Mid	Viktor	0	4	2	NA	0	1
9	2	NME	otter	ADC	Sivir	2	2	2	NA	0	1
9	2	NME	Bodydrop	Support	Nautilus	1	5	4	NA	0	1
9	2	DIG	Gamsu	Top	Jarvan IV	8	1	6	NA	1	0
9	2	DIG	Helios	Jungle	Rek'Sai	5	4	6	NA	1	0
9	2	DIG	Shiptur	Mid	Ezreal	4	1	6	NA	1	0
9	2	DIG	Core JJ	ADC	Kog'Maw	3	1	8	NA	1	0
9	2	DIG	KiWiKiD	Support	Thresh	0	1	10	NA	1	0
9	2	TIP	Impact	Top	Gnar	6	4	16	NA	1	0
9	2	TIP	Rush	Jungle	Lee Sin	4	7	18	NA	1	0
9	2	TIP	Gate	Mid	Viktor	10	6	9	NA	1	0
9	2	TIP	Apollo	ADC	Kog'Maw	7	5	14	NA	1	0
9	2	TIP	Adrian	Support	Janna	0	4	25	NA	1	0
9	2	GV	Hauntzer	Top	Rumble	2	3	1	NA	0	1
9	2	GV	Move	Jungle	Gragas	2	5	3	NA	0	1
9	2	GV	Keane	Mid	Jarvan IV	0	4	5	NA	0	1
9	2	GV	Altec	ADC	Sivir	1	5	2	NA	0	1
9	2	GV	Bunny FuFuu	Support	Shen	1	4	5	NA	0	1
9	3	T8	CaliTrlolz	Top	Shen	0	3	10	NA	0	1
9	3	T8	Porpoise	Jungle	Gragas	0	2	2	NA	0	1
9	3	T8	Goldenglue	Mid	Orianna	2	1	0	NA	0	1
9	3	T8	Nien	ADC	Tristana	0	3	1	NA	0	1
9	3	T8	Dodo	Support	Alistar	0	4	1	NA	0	1
9	3	C9	Balls	Top	Maokai	1	0	11	NA	1	0
9	3	C9	Hai	Jungle	Shyvana	4	2	6	NA	1	0
9	3	C9	Incarnati0n	Mid	Lulu	1	0	6	NA	1	0
9	3	C9	Sneaky	ADC	Ashe	7	0	3	NA	1	0
9	3	C9	LemonNation	Support	Braum	0	0	12	NA	1	0
9	3	TIP	Impact	Top	Gnar	6	1	11	NA	1	0
9	3	TIP	Rush	Jungle	Nidalee	7	5	6	NA	1	0
9	3	TIP	Gate	Mid	Orianna	6	1	12	NA	1	0
9	3	TIP	Apollo	ADC	Kog'Maw	2	0	8	NA	1	0
9	3	TIP	Adrian	Support	Alistar	2	1	11	NA	1	0
9	3	GV	Hauntzer	Top	Maokai	1	5	0	NA	0	1
9	3	GV	Move	Jungle	Rengar	1	9	4	NA	0	1
9	3	GV	Keane	Mid	Twisted Fate	3	3	3	NA	0	1
9	3	GV	Altec	ADC	Sivir	3	1	3	NA	0	1
9	3	GV	Bunny FuFuu	Support	Braum	0	5	6	NA	0	1
9	3	TL	Quas	Top	Maokai	0	3	17	NA	1	0
9	3	TL	IWillDominate	Jungle	Nidalee	10	1	8	NA	1	0
9	3	TL	FeniX	Mid	Viktor	8	2	8	NA	1	0
9	3	TL	Piglet	ADC	Kalista	2	1	10	NA	1	0
9	3	TL	Xpecial	Support	Thresh	0	3	15	NA	1	0
9	3	CLG	ZionSpartan	Top	Fizz	2	4	1	NA	0	1
9	3	CLG	Xmithie	Jungle	Nautilus	0	5	3	NA	0	1
9	3	CLG	Pobelter	Mid	Twisted Fate	2	3	6	NA	0	1
9	3	CLG	Doublelift	ADC	Sivir	6	4	4	NA	0	1
9	3	CLG	Aphromoo	Support	Janna	0	4	8	NA	0	1